00:00.790  blend            | Read blend: "/Users/adityasingh/codes/Rewind/data/scene/warehouse.blend"

[1/6] case_01 — ESTOP_CLEAN (450 frames)
/Users/adityasingh/codes/Rewind/scripts/dataset/render_cases.py:125: DeprecationWarning: 'Material.use_nodes' is expected to be removed in Blender 6.0
  material.use_nodes = True
    frame 0/450  observations 2
    frame 50/450  observations 100
    frame 100/450  observations 256
    frame 150/450  observations 551
    frame 200/450  observations 851
    frame 250/450  observations 1118
    frame 300/450  observations 1368
    frame 350/450  observations 1618
    frame 400/450  observations 1868
    rendering CAM_A (1/3) 450 frames
00:07.787  render           | Video append frame 1
00:09.007  render           | Video append frame 2
00:10.246  render           | Video append frame 3
00:11.462  render           | Video append frame 4
00:12.676  render           | Video append frame 5
00:13.889  render           | Video append frame 6
00:15.109  render           | Video append frame 7
00:16.328  render           | Video append frame 8
00:17.542  render           | Video append frame 9
00:18.759  render           | Video append frame 10
00:19.977  render           | Video append frame 11
00:21.190  render           | Video append frame 12
00:22.409  render           | Video append frame 13
00:23.617  render           | Video append frame 14
00:24.845  render           | Video append frame 15
00:26.076  render           | Video append frame 16
00:27.285  render           | Video append frame 17
00:28.517  render           | Video append frame 18
00:29.743  render           | Video append frame 19
00:30.953  render           | Video append frame 20
00:32.155  render           | Video append frame 21
00:33.376  render           | Video append frame 22
00:34.594  render           | Video append frame 23
00:35.803  render           | Video append frame 24
00:37.018  render           | Video append frame 25
      CAM_A 25/450 frames (5%) 0.8 fps, about 9 min left
00:38.233  render           | Video append frame 26
00:39.448  render           | Video append frame 27
00:40.670  render           | Video append frame 28
00:41.876  render           | Video append frame 29
00:43.094  render           | Video append frame 30
00:44.302  render           | Video append frame 31
00:45.533  render           | Video append frame 32
00:46.738  render           | Video append frame 33
00:47.941  render           | Video append frame 34
00:49.162  render           | Video append frame 35
00:50.379  render           | Video append frame 36
00:51.599  render           | Video append frame 37
00:52.818  render           | Video append frame 38
00:54.038  render           | Video append frame 39
00:55.270  render           | Video append frame 40
00:56.493  render           | Video append frame 41
00:57.742  render           | Video append frame 42
00:58.923  render           | Video append frame 43
01:00.113  render           | Video append frame 44
01:01.302  render           | Video append frame 45
01:02.510  render           | Video append frame 46
01:03.735  render           | Video append frame 47
01:04.950  render           | Video append frame 48
01:06.160  render           | Video append frame 49
01:07.378  render           | Video append frame 50
      CAM_A 50/450 frames (11%) 0.8 fps, about 8 min left
01:08.597  render           | Video append frame 51
01:09.809  render           | Video append frame 52
01:11.016  render           | Video append frame 53
01:12.245  render           | Video append frame 54
01:13.471  render           | Video append frame 55
01:14.692  render           | Video append frame 56
01:15.899  render           | Video append frame 57
01:17.124  render           | Video append frame 58
01:18.361  render           | Video append frame 59
01:19.585  render           | Video append frame 60
01:20.797  render           | Video append frame 61
01:22.016  render           | Video append frame 62
01:23.237  render           | Video append frame 63
01:24.471  render           | Video append frame 64
01:25.684  render           | Video append frame 65
01:26.887  render           | Video append frame 66
01:28.104  render           | Video append frame 67
01:29.318  render           | Video append frame 68
01:30.553  render           | Video append frame 69
01:31.776  render           | Video append frame 70
01:32.983  render           | Video append frame 71
01:34.188  render           | Video append frame 72
01:35.406  render           | Video append frame 73
01:36.621  render           | Video append frame 74
01:37.841  render           | Video append frame 75
      CAM_A 75/450 frames (16%) 0.8 fps, about 8 min left
01:39.053  render           | Video append frame 76
01:40.261  render           | Video append frame 77
01:41.482  render           | Video append frame 78
01:42.698  render           | Video append frame 79
01:43.897  render           | Video append frame 80
01:45.127  render           | Video append frame 81
01:46.338  render           | Video append frame 82
01:47.548  render           | Video append frame 83
01:48.790  render           | Video append frame 84
01:50.010  render           | Video append frame 85
01:51.237  render           | Video append frame 86
01:52.464  render           | Video append frame 87
01:53.677  render           | Video append frame 88
01:54.895  render           | Video append frame 89
01:56.123  render           | Video append frame 90
01:57.339  render           | Video append frame 91
01:58.544  render           | Video append frame 92
01:59.752  render           | Video append frame 93
02:00.964  render           | Video append frame 94
02:02.185  render           | Video append frame 95
02:03.395  render           | Video append frame 96
02:04.599  render           | Video append frame 97
02:05.824  render           | Video append frame 98
02:07.017  render           | Video append frame 99
02:08.204  render           | Video append frame 100
      CAM_A 100/450 frames (22%) 0.8 fps, about 7 min left
02:09.416  render           | Video append frame 101
02:10.633  render           | Video append frame 102
02:11.847  render           | Video append frame 103
02:13.072  render           | Video append frame 104
02:14.271  render           | Video append frame 105
02:15.489  render           | Video append frame 106
02:16.696  render           | Video append frame 107
02:17.896  render           | Video append frame 108
02:19.118  render           | Video append frame 109
02:20.360  render           | Video append frame 110
02:21.572  render           | Video append frame 111
02:22.793  render           | Video append frame 112
02:24.002  render           | Video append frame 113
02:25.214  render           | Video append frame 114
02:26.427  render           | Video append frame 115
02:27.654  render           | Video append frame 116
02:28.874  render           | Video append frame 117
02:30.103  render           | Video append frame 118
02:31.281  render           | Video append frame 119
02:32.503  render           | Video append frame 120
02:33.734  render           | Video append frame 121
02:34.968  render           | Video append frame 122
02:36.193  render           | Video append frame 123
02:37.395  render           | Video append frame 124
02:38.616  render           | Video append frame 125
      CAM_A 125/450 frames (27%) 0.8 fps, about 7 min left
02:39.839  render           | Video append frame 126
02:41.036  render           | Video append frame 127
02:42.258  render           | Video append frame 128
02:43.481  render           | Video append frame 129
02:44.695  render           | Video append frame 130
02:45.877  render           | Video append frame 131
02:47.056  render           | Video append frame 132
02:48.272  render           | Video append frame 133
02:49.471  render           | Video append frame 134
02:50.686  render           | Video append frame 135
02:51.905  render           | Video append frame 136
02:53.126  render           | Video append frame 137
02:54.328  render           | Video append frame 138
02:55.545  render           | Video append frame 139
02:56.758  render           | Video append frame 140
02:57.965  render           | Video append frame 141
02:59.180  render           | Video append frame 142
03:00.428  render           | Video append frame 143
03:01.646  render           | Video append frame 144
03:02.874  render           | Video append frame 145
03:04.084  render           | Video append frame 146
03:05.302  render           | Video append frame 147
03:06.518  render           | Video append frame 148
03:07.733  render           | Video append frame 149
03:08.930  render           | Video append frame 150
      CAM_A 150/450 frames (33%) 0.8 fps, about 6 min left
03:10.114  render           | Video append frame 151
03:11.295  render           | Video append frame 152
03:12.513  render           | Video append frame 153
03:13.735  render           | Video append frame 154
03:14.954  render           | Video append frame 155
03:16.167  render           | Video append frame 156
03:17.383  render           | Video append frame 157
03:18.605  render           | Video append frame 158
03:19.808  render           | Video append frame 159
03:21.022  render           | Video append frame 160
03:22.237  render           | Video append frame 161
03:23.474  render           | Video append frame 162
03:24.710  render           | Video append frame 163
03:25.927  render           | Video append frame 164
03:27.152  render           | Video append frame 165
03:28.373  render           | Video append frame 166
03:29.605  render           | Video append frame 167
03:30.834  render           | Video append frame 168
03:32.054  render           | Video append frame 169
03:33.283  render           | Video append frame 170
03:34.505  render           | Video append frame 171
03:35.726  render           | Video append frame 172
03:36.953  render           | Video append frame 173
03:38.168  render           | Video append frame 174
03:39.381  render           | Video append frame 175
      CAM_A 175/450 frames (38%) 0.8 fps, about 6 min left
03:40.604  render           | Video append frame 176
03:41.809  render           | Video append frame 177
03:43.022  render           | Video append frame 178
03:44.239  render           | Video append frame 179
03:45.449  render           | Video append frame 180
03:46.663  render           | Video append frame 181
03:47.879  render           | Video append frame 182
03:49.093  render           | Video append frame 183
03:50.316  render           | Video append frame 184
03:51.534  render           | Video append frame 185
03:52.761  render           | Video append frame 186
03:53.985  render           | Video append frame 187
03:55.203  render           | Video append frame 188
03:56.426  render           | Video append frame 189
03:57.640  render           | Video append frame 190
03:58.858  render           | Video append frame 191
04:00.077  render           | Video append frame 192
04:01.296  render           | Video append frame 193
04:02.501  render           | Video append frame 194
04:03.733  render           | Video append frame 195
04:04.962  render           | Video append frame 196
04:06.175  render           | Video append frame 197
04:07.401  render           | Video append frame 198
04:08.615  render           | Video append frame 199
04:09.843  render           | Video append frame 200
      CAM_A 200/450 frames (44%) 0.8 fps, about 5 min left
04:11.049  render           | Video append frame 201
04:12.260  render           | Video append frame 202
04:13.462  render           | Video append frame 203
04:14.681  render           | Video append frame 204
04:15.900  render           | Video append frame 205
04:17.126  render           | Video append frame 206
04:18.341  render           | Video append frame 207
04:19.562  render           | Video append frame 208
04:20.782  render           | Video append frame 209
04:21.985  render           | Video append frame 210
04:23.211  render           | Video append frame 211
04:24.432  render           | Video append frame 212
04:25.655  render           | Video append frame 213
04:26.863  render           | Video append frame 214
04:28.096  render           | Video append frame 215
04:29.318  render           | Video append frame 216
04:30.530  render           | Video append frame 217
04:31.744  render           | Video append frame 218
04:32.963  render           | Video append frame 219
04:34.179  render           | Video append frame 220
04:35.403  render           | Video append frame 221
04:36.628  render           | Video append frame 222
04:37.852  render           | Video append frame 223
04:39.078  render           | Video append frame 224
04:40.308  render           | Video append frame 225
      CAM_A 225/450 frames (50%) 0.8 fps, about 5 min left
04:41.532  render           | Video append frame 226
04:42.738  render           | Video append frame 227
04:43.958  render           | Video append frame 228
04:45.191  render           | Video append frame 229
04:46.397  render           | Video append frame 230
04:47.632  render           | Video append frame 231
04:48.855  render           | Video append frame 232
04:50.072  render           | Video append frame 233
04:51.285  render           | Video append frame 234
04:52.510  render           | Video append frame 235
04:53.738  render           | Video append frame 236
04:54.968  render           | Video append frame 237
04:56.191  render           | Video append frame 238
04:57.416  render           | Video append frame 239
04:58.614  render           | Video append frame 240
04:59.832  render           | Video append frame 241
05:01.044  render           | Video append frame 242
05:02.271  render           | Video append frame 243
05:03.485  render           | Video append frame 244
05:04.709  render           | Video append frame 245
05:05.934  render           | Video append frame 246
05:07.149  render           | Video append frame 247
05:08.379  render           | Video append frame 248
05:09.592  render           | Video append frame 249
05:10.833  render           | Video append frame 250
      CAM_A 250/450 frames (55%) 0.8 fps, about 4 min left
05:12.057  render           | Video append frame 251
05:13.281  render           | Video append frame 252
05:14.501  render           | Video append frame 253
05:15.734  render           | Video append frame 254
05:16.941  render           | Video append frame 255
05:18.172  render           | Video append frame 256
05:19.391  render           | Video append frame 257
05:20.607  render           | Video append frame 258
05:21.824  render           | Video append frame 259
05:23.042  render           | Video append frame 260
05:24.262  render           | Video append frame 261
05:25.492  render           | Video append frame 262
05:26.713  render           | Video append frame 263
05:27.948  render           | Video append frame 264
05:29.167  render           | Video append frame 265
05:30.390  render           | Video append frame 266
05:31.623  render           | Video append frame 267
05:32.863  render           | Video append frame 268
05:34.090  render           | Video append frame 269
05:35.323  render           | Video append frame 270
05:36.527  render           | Video append frame 271
05:37.746  render           | Video append frame 272
05:38.964  render           | Video append frame 273
05:40.201  render           | Video append frame 274
05:41.430  render           | Video append frame 275
      CAM_A 275/450 frames (61%) 0.8 fps, about 4 min left
05:42.645  render           | Video append frame 276
05:43.869  render           | Video append frame 277
05:45.091  render           | Video append frame 278
05:46.317  render           | Video append frame 279
05:47.531  render           | Video append frame 280
05:48.748  render           | Video append frame 281
05:49.972  render           | Video append frame 282
05:51.198  render           | Video append frame 283
05:52.418  render           | Video append frame 284
05:53.636  render           | Video append frame 285
05:54.867  render           | Video append frame 286
05:56.079  render           | Video append frame 287
05:57.303  render           | Video append frame 288
05:58.499  render           | Video append frame 289
05:59.722  render           | Video append frame 290
06:00.943  render           | Video append frame 291
06:02.165  render           | Video append frame 292
06:03.381  render           | Video append frame 293
06:04.618  render           | Video append frame 294
06:05.839  render           | Video append frame 295
06:07.062  render           | Video append frame 296
06:08.284  render           | Video append frame 297
06:09.517  render           | Video append frame 298
06:10.725  render           | Video append frame 299
06:11.980  render           | Video append frame 300
      CAM_A 300/450 frames (66%) 0.8 fps, about 3 min left
06:13.226  render           | Video append frame 301
06:14.460  render           | Video append frame 302
06:15.681  render           | Video append frame 303
06:16.893  render           | Video append frame 304
06:18.104  render           | Video append frame 305
06:19.322  render           | Video append frame 306
06:20.532  render           | Video append frame 307
06:21.753  render           | Video append frame 308
06:22.974  render           | Video append frame 309
06:24.194  render           | Video append frame 310
06:25.411  render           | Video append frame 311
06:26.624  render           | Video append frame 312
06:27.835  render           | Video append frame 313
06:29.078  render           | Video append frame 314
06:30.302  render           | Video append frame 315
06:31.516  render           | Video append frame 316
06:32.723  render           | Video append frame 317
06:33.929  render           | Video append frame 318
06:35.146  render           | Video append frame 319
06:36.357  render           | Video append frame 320
06:37.564  render           | Video append frame 321
06:38.780  render           | Video append frame 322
06:39.984  render           | Video append frame 323
06:41.195  render           | Video append frame 324
06:42.402  render           | Video append frame 325
      CAM_A 325/450 frames (72%) 0.8 fps, about 3 min left
06:43.612  render           | Video append frame 326
06:44.829  render           | Video append frame 327
06:46.040  render           | Video append frame 328
06:47.247  render           | Video append frame 329
06:48.455  render           | Video append frame 330
06:49.670  render           | Video append frame 331
06:50.884  render           | Video append frame 332
06:52.107  render           | Video append frame 333
06:53.328  render           | Video append frame 334
06:54.546  render           | Video append frame 335
06:55.773  render           | Video append frame 336
06:56.993  render           | Video append frame 337
06:58.214  render           | Video append frame 338
06:59.433  render           | Video append frame 339
07:00.654  render           | Video append frame 340
07:01.864  render           | Video append frame 341
07:03.079  render           | Video append frame 342
07:04.290  render           | Video append frame 343
07:05.510  render           | Video append frame 344
07:06.718  render           | Video append frame 345
07:07.960  render           | Video append frame 346
07:09.171  render           | Video append frame 347
07:10.379  render           | Video append frame 348
07:11.595  render           | Video append frame 349
07:12.805  render           | Video append frame 350
      CAM_A 350/450 frames (77%) 0.8 fps, about 2 min left
07:14.025  render           | Video append frame 351
07:15.236  render           | Video append frame 352
07:16.442  render           | Video append frame 353
07:17.657  render           | Video append frame 354
07:18.856  render           | Video append frame 355
07:20.080  render           | Video append frame 356
07:21.310  render           | Video append frame 357
07:22.521  render           | Video append frame 358
07:23.725  render           | Video append frame 359
07:24.941  render           | Video append frame 360
07:26.153  render           | Video append frame 361
07:27.369  render           | Video append frame 362
07:28.581  render           | Video append frame 363
07:29.797  render           | Video append frame 364
07:31.017  render           | Video append frame 365
07:32.232  render           | Video append frame 366
07:33.442  render           | Video append frame 367
07:34.685  render           | Video append frame 368
07:35.898  render           | Video append frame 369
07:37.108  render           | Video append frame 370
07:38.314  render           | Video append frame 371
07:39.539  render           | Video append frame 372
07:40.755  render           | Video append frame 373
07:41.966  render           | Video append frame 374
07:43.208  render           | Video append frame 375
      CAM_A 375/450 frames (83%) 0.8 fps, about 2 min left
07:44.435  render           | Video append frame 376
07:45.670  render           | Video append frame 377
07:46.898  render           | Video append frame 378
07:48.118  render           | Video append frame 379
07:49.356  render           | Video append frame 380
07:50.575  render           | Video append frame 381
07:51.792  render           | Video append frame 382
07:53.000  render           | Video append frame 383
07:54.228  render           | Video append frame 384
07:55.455  render           | Video append frame 385
07:56.697  render           | Video append frame 386
07:57.931  render           | Video append frame 387
07:59.159  render           | Video append frame 388
08:00.387  render           | Video append frame 389
08:01.610  render           | Video append frame 390
08:02.838  render           | Video append frame 391
08:04.076  render           | Video append frame 392
08:05.328  render           | Video append frame 393
08:06.561  render           | Video append frame 394
08:07.790  render           | Video append frame 395
08:09.028  render           | Video append frame 396
08:10.259  render           | Video append frame 397
08:11.490  render           | Video append frame 398
08:12.704  render           | Video append frame 399
08:13.922  render           | Video append frame 400
      CAM_A 400/450 frames (88%) 0.8 fps, about 1 min left
08:15.157  render           | Video append frame 401
08:16.401  render           | Video append frame 402
08:17.615  render           | Video append frame 403
08:18.842  render           | Video append frame 404
08:20.321  render           | Video append frame 405
08:21.984  render           | Video append frame 406
08:23.602  render           | Video append frame 407
08:25.406  render           | Video append frame 408
08:27.029  render           | Video append frame 409
08:28.676  render           | Video append frame 410
08:30.333  render           | Video append frame 411
08:31.917  render           | Video append frame 412
08:33.533  render           | Video append frame 413
08:35.234  render           | Video append frame 414
08:36.892  render           | Video append frame 415
08:38.530  render           | Video append frame 416
08:40.163  render           | Video append frame 417
08:41.764  render           | Video append frame 418
08:43.407  render           | Video append frame 419
08:45.093  render           | Video append frame 420
08:46.789  render           | Video append frame 421
08:48.422  render           | Video append frame 422
08:50.060  render           | Video append frame 423
08:51.703  render           | Video append frame 424
08:53.328  render           | Video append frame 425
      CAM_A 425/450 frames (94%) 0.8 fps, about 1 min left
08:55.005  render           | Video append frame 426
08:56.740  render           | Video append frame 427
08:58.453  render           | Video append frame 428
09:00.447  render           | Video append frame 429
09:02.023  render           | Video append frame 430
09:03.372  render           | Video append frame 431
09:04.640  render           | Video append frame 432
09:05.920  render           | Video append frame 433
09:07.200  render           | Video append frame 434
09:08.475  render           | Video append frame 435
09:09.761  render           | Video append frame 436
09:11.036  render           | Video append frame 437
09:12.311  render           | Video append frame 438
09:13.610  render           | Video append frame 439
09:14.893  render           | Video append frame 440
09:16.205  render           | Video append frame 441
09:17.616  render           | Video append frame 442
09:19.056  render           | Video append frame 443
09:20.433  render           | Video append frame 444
09:21.782  render           | Video append frame 445
09:23.127  render           | Video append frame 446
09:24.487  render           | Video append frame 447
09:25.806  render           | Video append frame 448
09:27.105  render           | Video append frame 449
09:28.443  render           | Video append frame 450
      CAM_A 450/450 frames (100%) 0.8 fps, about 0 min left
    finished CAM_A
    rendering CAM_B (2/3) 450 frames
09:29.694  render           | Video append frame 1
09:30.893  render           | Video append frame 2
09:32.093  render           | Video append frame 3
09:33.318  render           | Video append frame 4
09:34.505  render           | Video append frame 5
09:35.728  render           | Video append frame 6
09:36.943  render           | Video append frame 7
09:38.222  render           | Video append frame 8
09:39.434  render           | Video append frame 9
09:40.651  render           | Video append frame 10
09:41.861  render           | Video append frame 11
09:43.048  render           | Video append frame 12
09:44.272  render           | Video append frame 13
09:45.486  render           | Video append frame 14
09:46.713  render           | Video append frame 15
09:47.927  render           | Video append frame 16
09:49.109  render           | Video append frame 17
09:50.316  render           | Video append frame 18
09:51.509  render           | Video append frame 19
09:52.724  render           | Video append frame 20
09:53.914  render           | Video append frame 21
09:55.121  render           | Video append frame 22
09:56.312  render           | Video append frame 23
09:57.525  render           | Video append frame 24
09:58.722  render           | Video append frame 25
      CAM_B 25/450 frames (5%) 0.8 fps, about 9 min left
09:59.923  render           | Video append frame 26
10:01.117  render           | Video append frame 27
10:02.315  render           | Video append frame 28
10:03.495  render           | Video append frame 29
10:04.700  render           | Video append frame 30
10:05.892  render           | Video append frame 31
10:07.082  render           | Video append frame 32
10:08.268  render           | Video append frame 33
10:09.474  render           | Video append frame 34
10:10.661  render           | Video append frame 35
10:11.861  render           | Video append frame 36
10:13.064  render           | Video append frame 37
10:14.245  render           | Video append frame 38
10:15.439  render           | Video append frame 39
10:16.623  render           | Video append frame 40
10:17.811  render           | Video append frame 41
10:19.008  render           | Video append frame 42
10:20.192  render           | Video append frame 43
10:21.369  render           | Video append frame 44
10:22.580  render           | Video append frame 45
10:23.759  render           | Video append frame 46
10:24.938  render           | Video append frame 47
10:26.120  render           | Video append frame 48
10:27.315  render           | Video append frame 49
10:28.494  render           | Video append frame 50
      CAM_B 50/450 frames (11%) 0.8 fps, about 8 min left
10:29.682  render           | Video append frame 51
10:30.862  render           | Video append frame 52
10:32.030  render           | Video append frame 53
10:33.209  render           | Video append frame 54
10:34.388  render           | Video append frame 55
10:35.574  render           | Video append frame 56
10:36.748  render           | Video append frame 57
10:37.935  render           | Video append frame 58
10:39.114  render           | Video append frame 59
10:40.294  render           | Video append frame 60
10:41.470  render           | Video append frame 61
10:42.662  render           | Video append frame 62
10:43.833  render           | Video append frame 63
10:45.010  render           | Video append frame 64
10:46.190  render           | Video append frame 65
10:47.381  render           | Video append frame 66
10:48.539  render           | Video append frame 67
10:49.726  render           | Video append frame 68
10:50.938  render           | Video append frame 69
10:52.132  render           | Video append frame 70
10:53.301  render           | Video append frame 71
10:54.468  render           | Video append frame 72
10:55.646  render           | Video append frame 73
10:56.814  render           | Video append frame 74
10:58.005  render           | Video append frame 75
      CAM_B 75/450 frames (16%) 0.8 fps, about 7 min left
10:59.188  render           | Video append frame 76
11:00.361  render           | Video append frame 77
11:01.544  render           | Video append frame 78
11:02.734  render           | Video append frame 79
11:03.910  render           | Video append frame 80
11:05.075  render           | Video append frame 81
11:06.251  render           | Video append frame 82
11:07.430  render           | Video append frame 83
11:08.596  render           | Video append frame 84
11:09.775  render           | Video append frame 85
11:10.953  render           | Video append frame 86
11:12.128  render           | Video append frame 87
11:13.298  render           | Video append frame 88
11:14.470  render           | Video append frame 89
11:15.646  render           | Video append frame 90
11:16.823  render           | Video append frame 91
11:18.006  render           | Video append frame 92
11:19.168  render           | Video append frame 93
11:20.343  render           | Video append frame 94
11:21.519  render           | Video append frame 95
11:22.701  render           | Video append frame 96
11:23.878  render           | Video append frame 97
11:25.050  render           | Video append frame 98
11:26.219  render           | Video append frame 99
11:27.399  render           | Video append frame 100
      CAM_B 100/450 frames (22%) 0.8 fps, about 7 min left
11:28.602  render           | Video append frame 101
11:29.780  render           | Video append frame 102
11:30.947  render           | Video append frame 103
11:32.128  render           | Video append frame 104
11:33.298  render           | Video append frame 105
11:34.476  render           | Video append frame 106
11:35.649  render           | Video append frame 107
11:36.880  render           | Video append frame 108
11:38.253  render           | Video append frame 109
11:39.663  render           | Video append frame 110
11:41.015  render           | Video append frame 111
11:42.356  render           | Video append frame 112
11:43.677  render           | Video append frame 113
11:45.030  render           | Video append frame 114
11:46.404  render           | Video append frame 115
11:47.807  render           | Video append frame 116
11:49.098  render           | Video append frame 117
11:50.414  render           | Video append frame 118
11:51.708  render           | Video append frame 119
11:52.998  render           | Video append frame 120
11:54.288  render           | Video append frame 121
11:55.499  render           | Video append frame 122
11:56.655  render           | Video append frame 123
11:57.856  render           | Video append frame 124
11:59.104  render           | Video append frame 125
      CAM_B 125/450 frames (27%) 0.8 fps, about 7 min left
12:00.310  render           | Video append frame 126
12:01.588  render           | Video append frame 127
12:03.086  render           | Video append frame 128
12:04.514  render           | Video append frame 129
12:05.914  render           | Video append frame 130
12:07.299  render           | Video append frame 131
12:08.702  render           | Video append frame 132
12:10.121  render           | Video append frame 133
12:11.491  render           | Video append frame 134
12:12.871  render           | Video append frame 135
12:14.268  render           | Video append frame 136
12:15.636  render           | Video append frame 137
12:16.827  render           | Video append frame 138
12:18.031  render           | Video append frame 139
12:19.401  render           | Video append frame 140
12:20.651  render           | Video append frame 141
12:21.891  render           | Video append frame 142
12:23.129  render           | Video append frame 143
12:24.322  render           | Video append frame 144
12:25.530  render           | Video append frame 145
12:26.731  render           | Video append frame 146
12:27.942  render           | Video append frame 147
12:29.151  render           | Video append frame 148
12:30.347  render           | Video append frame 149
12:31.543  render           | Video append frame 150
      CAM_B 150/450 frames (33%) 0.8 fps, about 6 min left
12:32.847  render           | Video append frame 151
12:34.098  render           | Video append frame 152
12:35.315  render           | Video append frame 153
12:36.502  render           | Video append frame 154
12:37.779  render           | Video append frame 155
12:39.484  render           | Video append frame 156
12:40.903  render           | Video append frame 157
12:42.246  render           | Video append frame 158
12:43.601  render           | Video append frame 159
12:45.000  render           | Video append frame 160
12:46.220  render           | Video append frame 161
12:47.406  render           | Video append frame 162
12:48.610  render           | Video append frame 163
12:49.887  render           | Video append frame 164
12:51.138  render           | Video append frame 165
12:52.342  render           | Video append frame 166
12:53.563  render           | Video append frame 167
12:54.788  render           | Video append frame 168
12:56.215  render           | Video append frame 169
12:58.092  render           | Video append frame 170
12:59.899  render           | Video append frame 171
13:01.490  render           | Video append frame 172
13:03.149  render           | Video append frame 173
13:04.798  render           | Video append frame 174
13:06.497  render           | Video append frame 175
      CAM_B 175/450 frames (38%) 0.8 fps, about 6 min left
13:08.133  render           | Video append frame 176
13:09.745  render           | Video append frame 177
13:11.365  render           | Video append frame 178
13:13.083  render           | Video append frame 179
13:14.713  render           | Video append frame 180
13:16.425  render           | Video append frame 181
13:18.705  render           | Video append frame 182
13:20.695  render           | Video append frame 183
13:22.748  render           | Video append frame 184
13:24.785  render           | Video append frame 185
13:26.749  render           | Video append frame 186
13:28.635  render           | Video append frame 187
13:30.579  render           | Video append frame 188
13:32.586  render           | Video append frame 189
13:34.811  render           | Video append frame 190
13:36.860  render           | Video append frame 191
13:38.784  render           | Video append frame 192
13:41.021  render           | Video append frame 193
13:43.219  render           | Video append frame 194
13:45.257  render           | Video append frame 195
13:47.243  render           | Video append frame 196
13:49.186  render           | Video append frame 197
13:51.304  render           | Video append frame 198
13:53.298  render           | Video append frame 199
13:55.306  render           | Video append frame 200
      CAM_B 200/450 frames (44%) 0.7 fps, about 6 min left
13:57.269  render           | Video append frame 201
13:59.148  render           | Video append frame 202
14:01.141  render           | Video append frame 203
14:03.158  render           | Video append frame 204
14:05.153  render           | Video append frame 205
14:07.263  render           | Video append frame 206
14:09.319  render           | Video append frame 207
14:11.389  render           | Video append frame 208
14:13.342  render           | Video append frame 209
14:14.985  render           | Video append frame 210
14:16.711  render           | Video append frame 211
14:18.977  render           | Video append frame 212
14:21.393  render           | Video append frame 213
14:23.514  render           | Video append frame 214
14:25.623  render           | Video append frame 215
14:28.004  render           | Video append frame 216
14:29.521  render           | Video append frame 217
14:31.004  render           | Video append frame 218
14:32.413  render           | Video append frame 219
14:33.661  render           | Video append frame 220
14:34.865  render           | Video append frame 221
14:36.095  render           | Video append frame 222
14:37.331  render           | Video append frame 223
14:38.567  render           | Video append frame 224
14:39.820  render           | Video append frame 225
      CAM_B 225/450 frames (50%) 0.7 fps, about 5 min left
14:41.046  render           | Video append frame 226
14:42.440  render           | Video append frame 227
14:43.892  render           | Video append frame 228
14:45.222  render           | Video append frame 229
14:46.518  render           | Video append frame 230
14:47.797  render           | Video append frame 231
14:49.060  render           | Video append frame 232
14:50.353  render           | Video append frame 233
14:51.595  render           | Video append frame 234
14:52.830  render           | Video append frame 235
14:54.070  render           | Video append frame 236
14:55.307  render           | Video append frame 237
14:56.544  render           | Video append frame 238
14:57.799  render           | Video append frame 239
14:59.063  render           | Video append frame 240
15:00.413  render           | Video append frame 241
15:01.656  render           | Video append frame 242
15:02.865  render           | Video append frame 243
15:04.095  render           | Video append frame 244
15:05.319  render           | Video append frame 245
15:06.548  render           | Video append frame 246
15:07.792  render           | Video append frame 247
15:09.018  render           | Video append frame 248
15:10.385  render           | Video append frame 249
15:11.633  render           | Video append frame 250
      CAM_B 250/450 frames (55%) 0.7 fps, about 5 min left
15:12.856  render           | Video append frame 251
15:14.048  render           | Video append frame 252
15:15.272  render           | Video append frame 253
15:16.512  render           | Video append frame 254
15:17.762  render           | Video append frame 255
15:19.008  render           | Video append frame 256
15:20.263  render           | Video append frame 257
15:21.496  render           | Video append frame 258
15:22.767  render           | Video append frame 259
15:23.982  render           | Video append frame 260
15:25.213  render           | Video append frame 261
15:26.431  render           | Video append frame 262
15:27.648  render           | Video append frame 263
15:28.872  render           | Video append frame 264
15:30.107  render           | Video append frame 265
15:31.338  render           | Video append frame 266
15:32.551  render           | Video append frame 267
15:33.774  render           | Video append frame 268
15:35.007  render           | Video append frame 269
15:36.230  render           | Video append frame 270
15:37.433  render           | Video append frame 271
15:38.647  render           | Video append frame 272
15:39.880  render           | Video append frame 273
15:41.106  render           | Video append frame 274
15:42.316  render           | Video append frame 275
      CAM_B 275/450 frames (61%) 0.7 fps, about 4 min left
15:43.535  render           | Video append frame 276
15:44.756  render           | Video append frame 277
15:45.973  render           | Video append frame 278
15:47.182  render           | Video append frame 279
15:48.384  render           | Video append frame 280
15:49.615  render           | Video append frame 281
15:50.845  render           | Video append frame 282
15:52.049  render           | Video append frame 283
15:53.255  render           | Video append frame 284
15:54.477  render           | Video append frame 285
15:55.701  render           | Video append frame 286
15:56.908  render           | Video append frame 287
15:58.132  render           | Video append frame 288
15:59.479  render           | Video append frame 289
16:00.742  render           | Video append frame 290
16:01.947  render           | Video append frame 291
16:03.156  render           | Video append frame 292
16:04.369  render           | Video append frame 293
16:05.591  render           | Video append frame 294
16:06.804  render           | Video append frame 295
16:08.013  render           | Video append frame 296
16:09.224  render           | Video append frame 297
16:10.460  render           | Video append frame 298
16:11.793  render           | Video append frame 299
16:13.058  render           | Video append frame 300
      CAM_B 300/450 frames (66%) 0.7 fps, about 3 min left
16:14.238  render           | Video append frame 301
16:15.455  render           | Video append frame 302
16:16.639  render           | Video append frame 303
16:17.871  render           | Video append frame 304
16:19.138  render           | Video append frame 305
16:20.453  render           | Video append frame 306
16:21.706  render           | Video append frame 307
16:22.889  render           | Video append frame 308
16:24.048  render           | Video append frame 309
16:25.249  render           | Video append frame 310
16:26.443  render           | Video append frame 311
16:27.660  render           | Video append frame 312
16:28.878  render           | Video append frame 313
16:30.075  render           | Video append frame 314
16:31.285  render           | Video append frame 315
16:32.502  render           | Video append frame 316
16:33.710  render           | Video append frame 317
16:34.915  render           | Video append frame 318
16:36.179  render           | Video append frame 319
16:37.451  render           | Video append frame 320
16:38.664  render           | Video append frame 321
16:39.862  render           | Video append frame 322
16:41.075  render           | Video append frame 323
16:42.274  render           | Video append frame 324
16:43.493  render           | Video append frame 325
      CAM_B 325/450 frames (72%) 0.7 fps, about 3 min left
16:44.718  render           | Video append frame 326
16:45.957  render           | Video append frame 327
16:47.175  render           | Video append frame 328
16:48.415  render           | Video append frame 329
16:49.636  render           | Video append frame 330
16:50.846  render           | Video append frame 331
16:52.060  render           | Video append frame 332
16:53.246  render           | Video append frame 333
16:54.445  render           | Video append frame 334
16:55.652  render           | Video append frame 335
16:56.862  render           | Video append frame 336
16:58.066  render           | Video append frame 337
16:59.301  render           | Video append frame 338
17:00.601  render           | Video append frame 339
17:01.816  render           | Video append frame 340
17:02.987  render           | Video append frame 341
17:04.165  render           | Video append frame 342
17:05.355  render           | Video append frame 343
17:06.534  render           | Video append frame 344
17:07.720  render           | Video append frame 345
17:08.913  render           | Video append frame 346
17:10.108  render           | Video append frame 347
17:11.293  render           | Video append frame 348
17:12.487  render           | Video append frame 349
17:13.667  render           | Video append frame 350
      CAM_B 350/450 frames (77%) 0.8 fps, about 2 min left
17:14.863  render           | Video append frame 351
17:16.044  render           | Video append frame 352
17:17.228  render           | Video append frame 353
17:18.421  render           | Video append frame 354
17:19.603  render           | Video append frame 355
17:20.790  render           | Video append frame 356
17:21.991  render           | Video append frame 357
17:23.197  render           | Video append frame 358
17:24.359  render           | Video append frame 359
17:25.553  render           | Video append frame 360
17:26.731  render           | Video append frame 361
17:27.919  render           | Video append frame 362
17:29.114  render           | Video append frame 363
17:30.305  render           | Video append frame 364
17:31.487  render           | Video append frame 365
17:32.687  render           | Video append frame 366
17:33.875  render           | Video append frame 367
17:35.058  render           | Video append frame 368
17:36.236  render           | Video append frame 369
17:37.434  render           | Video append frame 370
17:38.624  render           | Video append frame 371
17:39.819  render           | Video append frame 372
17:41.001  render           | Video append frame 373
17:42.185  render           | Video append frame 374
17:43.376  render           | Video append frame 375
      CAM_B 375/450 frames (83%) 0.8 fps, about 2 min left
17:44.567  render           | Video append frame 376
17:45.754  render           | Video append frame 377
17:46.948  render           | Video append frame 378
17:48.139  render           | Video append frame 379
17:49.321  render           | Video append frame 380
17:50.503  render           | Video append frame 381
17:51.691  render           | Video append frame 382
17:52.892  render           | Video append frame 383
17:54.078  render           | Video append frame 384
17:55.260  render           | Video append frame 385
17:56.456  render           | Video append frame 386
17:57.642  render           | Video append frame 387
17:58.828  render           | Video append frame 388
18:00.011  render           | Video append frame 389
18:01.209  render           | Video append frame 390
18:02.398  render           | Video append frame 391
18:03.585  render           | Video append frame 392
18:04.762  render           | Video append frame 393
18:05.952  render           | Video append frame 394
18:07.138  render           | Video append frame 395
18:08.319  render           | Video append frame 396
18:09.505  render           | Video append frame 397
18:10.696  render           | Video append frame 398
18:11.893  render           | Video append frame 399
18:13.090  render           | Video append frame 400
      CAM_B 400/450 frames (88%) 0.8 fps, about 1 min left
18:14.263  render           | Video append frame 401
18:15.494  render           | Video append frame 402
18:16.979  render           | Video append frame 403
18:18.358  render           | Video append frame 404
18:19.574  render           | Video append frame 405
18:20.779  render           | Video append frame 406
18:21.937  render           | Video append frame 407
18:23.122  render           | Video append frame 408
18:24.314  render           | Video append frame 409
18:25.508  render           | Video append frame 410
18:26.703  render           | Video append frame 411
18:27.883  render           | Video append frame 412
18:29.073  render           | Video append frame 413
18:30.259  render           | Video append frame 414
18:31.454  render           | Video append frame 415
18:32.654  render           | Video append frame 416
18:33.828  render           | Video append frame 417
18:35.027  render           | Video append frame 418
18:36.214  render           | Video append frame 419
18:37.399  render           | Video append frame 420
18:38.586  render           | Video append frame 421
18:39.776  render           | Video append frame 422
18:40.968  render           | Video append frame 423
18:42.155  render           | Video append frame 424
18:43.343  render           | Video append frame 425
      CAM_B 425/450 frames (94%) 0.8 fps, about 1 min left
18:44.525  render           | Video append frame 426
18:45.717  render           | Video append frame 427
18:46.911  render           | Video append frame 428
18:48.110  render           | Video append frame 429
18:49.303  render           | Video append frame 430
18:50.488  render           | Video append frame 431
18:51.723  render           | Video append frame 432
18:52.913  render           | Video append frame 433
18:54.168  render           | Video append frame 434
18:55.336  render           | Video append frame 435
18:56.512  render           | Video append frame 436
18:57.705  render           | Video append frame 437
18:58.905  render           | Video append frame 438
19:00.090  render           | Video append frame 439
19:01.283  render           | Video append frame 440
19:02.495  render           | Video append frame 441
19:03.689  render           | Video append frame 442
19:04.869  render           | Video append frame 443
19:06.071  render           | Video append frame 444
19:07.259  render           | Video append frame 445
19:08.463  render           | Video append frame 446
19:09.646  render           | Video append frame 447
19:10.829  render           | Video append frame 448
19:12.016  render           | Video append frame 449
19:13.213  render           | Video append frame 450
      CAM_B 450/450 frames (100%) 0.8 fps, about 0 min left
    finished CAM_B
    rendering CAM_C (3/3) 450 frames
19:14.597  render           | Video append frame 1
19:15.970  render           | Video append frame 2
19:17.347  render           | Video append frame 3
19:18.735  render           | Video append frame 4
19:20.113  render           | Video append frame 5
19:21.478  render           | Video append frame 6
19:22.913  render           | Video append frame 7
19:24.269  render           | Video append frame 8
19:25.607  render           | Video append frame 9
19:26.987  render           | Video append frame 10
19:28.352  render           | Video append frame 11
19:29.730  render           | Video append frame 12
19:31.100  render           | Video append frame 13
19:32.467  render           | Video append frame 14
19:33.828  render           | Video append frame 15
19:35.213  render           | Video append frame 16
19:36.616  render           | Video append frame 17
19:38.019  render           | Video append frame 18
19:39.375  render           | Video append frame 19
19:40.766  render           | Video append frame 20
19:42.137  render           | Video append frame 21
19:43.514  render           | Video append frame 22
19:44.903  render           | Video append frame 23
19:46.279  render           | Video append frame 24
19:47.664  render           | Video append frame 25
      CAM_C 25/450 frames (5%) 0.7 fps, about 10 min left
19:49.044  render           | Video append frame 26
19:50.426  render           | Video append frame 27
19:51.804  render           | Video append frame 28
19:53.221  render           | Video append frame 29
19:54.596  render           | Video append frame 30
19:55.977  render           | Video append frame 31
19:57.365  render           | Video append frame 32
19:58.743  render           | Video append frame 33
20:00.158  render           | Video append frame 34
20:01.558  render           | Video append frame 35
20:02.941  render           | Video append frame 36
20:04.321  render           | Video append frame 37
20:05.697  render           | Video append frame 38
20:07.078  render           | Video append frame 39
20:08.467  render           | Video append frame 40
20:09.862  render           | Video append frame 41
20:11.252  render           | Video append frame 42
20:12.624  render           | Video append frame 43
20:14.018  render           | Video append frame 44
20:15.412  render           | Video append frame 45
20:16.803  render           | Video append frame 46
20:18.194  render           | Video append frame 47
20:19.657  render           | Video append frame 48
20:20.988  render           | Video append frame 49
20:22.363  render           | Video append frame 50
      CAM_C 50/450 frames (11%) 0.7 fps, about 9 min left
20:23.775  render           | Video append frame 51
20:25.143  render           | Video append frame 52
20:26.519  render           | Video append frame 53
20:27.926  render           | Video append frame 54
20:29.297  render           | Video append frame 55
20:30.674  render           | Video append frame 56
20:32.059  render           | Video append frame 57
20:33.439  render           | Video append frame 58
20:34.827  render           | Video append frame 59
20:36.208  render           | Video append frame 60
20:37.590  render           | Video append frame 61
20:38.977  render           | Video append frame 62
20:40.358  render           | Video append frame 63
20:41.744  render           | Video append frame 64
20:43.124  render           | Video append frame 65
20:44.512  render           | Video append frame 66
20:45.892  render           | Video append frame 67
20:47.272  render           | Video append frame 68
20:48.680  render           | Video append frame 69
20:50.071  render           | Video append frame 70
20:51.473  render           | Video append frame 71
20:52.865  render           | Video append frame 72
20:54.239  render           | Video append frame 73
20:55.631  render           | Video append frame 74
20:57.001  render           | Video append frame 75
      CAM_C 75/450 frames (16%) 0.7 fps, about 9 min left
20:58.383  render           | Video append frame 76
20:59.764  render           | Video append frame 77
21:01.162  render           | Video append frame 78
21:02.539  render           | Video append frame 79
21:03.917  render           | Video append frame 80
21:05.290  render           | Video append frame 81
21:06.674  render           | Video append frame 82
21:08.049  render           | Video append frame 83
21:09.419  render           | Video append frame 84
21:10.788  render           | Video append frame 85
21:12.169  render           | Video append frame 86
21:13.547  render           | Video append frame 87
21:14.931  render           | Video append frame 88
21:16.304  render           | Video append frame 89
21:17.672  render           | Video append frame 90
21:19.054  render           | Video append frame 91
21:20.426  render           | Video append frame 92
21:21.799  render           | Video append frame 93
21:23.188  render           | Video append frame 94
21:24.553  render           | Video append frame 95
21:25.929  render           | Video append frame 96
21:27.294  render           | Video append frame 97
21:28.681  render           | Video append frame 98
21:30.066  render           | Video append frame 99
21:31.470  render           | Video append frame 100
      CAM_C 100/450 frames (22%) 0.7 fps, about 8 min left
21:32.813  render           | Video append frame 101
21:34.183  render           | Video append frame 102
21:35.560  render           | Video append frame 103
21:36.969  render           | Video append frame 104
21:38.362  render           | Video append frame 105
21:39.732  render           | Video append frame 106
21:41.166  render           | Video append frame 107
21:42.494  render           | Video append frame 108
21:43.852  render           | Video append frame 109
21:45.226  render           | Video append frame 110
21:46.610  render           | Video append frame 111
21:47.987  render           | Video append frame 112
21:49.363  render           | Video append frame 113
21:50.735  render           | Video append frame 114
21:52.127  render           | Video append frame 115
21:53.513  render           | Video append frame 116
21:54.912  render           | Video append frame 117
21:56.328  render           | Video append frame 118
21:57.699  render           | Video append frame 119
21:59.067  render           | Video append frame 120
22:00.444  render           | Video append frame 121
22:01.843  render           | Video append frame 122
22:03.250  render           | Video append frame 123
22:04.637  render           | Video append frame 124
22:06.020  render           | Video append frame 125
      CAM_C 125/450 frames (27%) 0.7 fps, about 7 min left
22:07.403  render           | Video append frame 126
22:08.813  render           | Video append frame 127
22:10.221  render           | Video append frame 128
22:11.606  render           | Video append frame 129
22:13.014  render           | Video append frame 130
22:14.429  render           | Video append frame 131
22:15.851  render           | Video append frame 132
22:17.267  render           | Video append frame 133
22:18.638  render           | Video append frame 134
22:20.052  render           | Video append frame 135
22:21.441  render           | Video append frame 136
22:22.881  render           | Video append frame 137
22:24.299  render           | Video append frame 138
22:25.684  render           | Video append frame 139
22:27.074  render           | Video append frame 140
22:28.474  render           | Video append frame 141
22:29.876  render           | Video append frame 142
22:31.262  render           | Video append frame 143
22:32.669  render           | Video append frame 144
22:34.052  render           | Video append frame 145
22:35.469  render           | Video append frame 146
22:36.826  render           | Video append frame 147
22:38.199  render           | Video append frame 148
22:39.583  render           | Video append frame 149
22:40.969  render           | Video append frame 150
      CAM_C 150/450 frames (33%) 0.7 fps, about 7 min left
22:42.357  render           | Video append frame 151
22:43.738  render           | Video append frame 152
22:45.166  render           | Video append frame 153
22:46.571  render           | Video append frame 154
22:47.959  render           | Video append frame 155
22:49.376  render           | Video append frame 156
22:50.774  render           | Video append frame 157
22:52.172  render           | Video append frame 158
22:53.564  render           | Video append frame 159
22:54.941  render           | Video append frame 160
22:56.332  render           | Video append frame 161
22:57.716  render           | Video append frame 162
22:59.122  render           | Video append frame 163
23:00.522  render           | Video append frame 164
23:01.910  render           | Video append frame 165
23:03.293  render           | Video append frame 166
23:04.681  render           | Video append frame 167
23:06.094  render           | Video append frame 168
23:07.499  render           | Video append frame 169
23:08.882  render           | Video append frame 170
23:10.270  render           | Video append frame 171
23:11.651  render           | Video append frame 172
23:13.030  render           | Video append frame 173
23:14.409  render           | Video append frame 174
23:15.795  render           | Video append frame 175
      CAM_C 175/450 frames (38%) 0.7 fps, about 6 min left
23:17.176  render           | Video append frame 176
23:18.557  render           | Video append frame 177
23:19.935  render           | Video append frame 178
23:21.321  render           | Video append frame 179
23:22.730  render           | Video append frame 180
23:24.075  render           | Video append frame 181
23:25.451  render           | Video append frame 182
23:26.851  render           | Video append frame 183
23:28.235  render           | Video append frame 184
23:29.625  render           | Video append frame 185
23:31.035  render           | Video append frame 186
23:32.419  render           | Video append frame 187
23:33.792  render           | Video append frame 188
23:35.177  render           | Video append frame 189
23:36.552  render           | Video append frame 190
23:37.933  render           | Video append frame 191
23:39.327  render           | Video append frame 192
23:40.704  render           | Video append frame 193
23:42.073  render           | Video append frame 194
23:43.449  render           | Video append frame 195
23:44.824  render           | Video append frame 196
23:46.206  render           | Video append frame 197
23:47.585  render           | Video append frame 198
23:48.960  render           | Video append frame 199
23:50.351  render           | Video append frame 200
      CAM_C 200/450 frames (44%) 0.7 fps, about 6 min left
23:51.712  render           | Video append frame 201
23:53.088  render           | Video append frame 202
23:54.455  render           | Video append frame 203
23:55.852  render           | Video append frame 204
23:57.337  render           | Video append frame 205
23:58.774  render           | Video append frame 206
24:00.270  render           | Video append frame 207
24:01.640  render           | Video append frame 208
24:03.041  render           | Video append frame 209
24:04.596  render           | Video append frame 210
24:06.136  render           | Video append frame 211
24:07.659  render           | Video append frame 212
24:09.000  render           | Video append frame 213
24:10.395  render           | Video append frame 214
24:11.753  render           | Video append frame 215
24:13.148  render           | Video append frame 216
24:14.570  render           | Video append frame 217
24:15.951  render           | Video append frame 218
24:17.341  render           | Video append frame 219
24:18.794  render           | Video append frame 220
24:20.154  render           | Video append frame 221
24:21.543  render           | Video append frame 222
24:22.942  render           | Video append frame 223
24:24.302  render           | Video append frame 224
24:25.691  render           | Video append frame 225
      CAM_C 225/450 frames (50%) 0.7 fps, about 5 min left
24:27.080  render           | Video append frame 226
24:28.502  render           | Video append frame 227
24:29.906  render           | Video append frame 228
24:31.380  render           | Video append frame 229
24:32.878  render           | Video append frame 230
24:34.340  render           | Video append frame 231
24:35.899  render           | Video append frame 232
24:37.421  render           | Video append frame 233
24:38.770  render           | Video append frame 234
24:40.118  render           | Video append frame 235
24:41.510  render           | Video append frame 236
24:42.924  render           | Video append frame 237
24:44.317  render           | Video append frame 238
24:45.687  render           | Video append frame 239
24:47.062  render           | Video append frame 240
24:48.455  render           | Video append frame 241
24:49.853  render           | Video append frame 242
24:51.239  render           | Video append frame 243
24:52.629  render           | Video append frame 244
24:54.010  render           | Video append frame 245
24:55.395  render           | Video append frame 246
24:56.788  render           | Video append frame 247
24:58.177  render           | Video append frame 248
24:59.559  render           | Video append frame 249
25:00.946  render           | Video append frame 250
      CAM_C 250/450 frames (55%) 0.7 fps, about 5 min left
25:02.329  render           | Video append frame 251
25:03.709  render           | Video append frame 252
25:05.096  render           | Video append frame 253
25:06.491  render           | Video append frame 254
25:07.876  render           | Video append frame 255
25:09.269  render           | Video append frame 256
25:10.660  render           | Video append frame 257
25:12.050  render           | Video append frame 258
25:13.435  render           | Video append frame 259
25:14.822  render           | Video append frame 260
25:16.211  render           | Video append frame 261
25:17.596  render           | Video append frame 262
25:18.978  render           | Video append frame 263
25:20.363  render           | Video append frame 264
25:21.746  render           | Video append frame 265
25:23.148  render           | Video append frame 266
25:24.522  render           | Video append frame 267
25:25.892  render           | Video append frame 268
25:27.281  render           | Video append frame 269
25:28.669  render           | Video append frame 270
25:30.049  render           | Video append frame 271
25:31.437  render           | Video append frame 272
25:32.824  render           | Video append frame 273
25:34.216  render           | Video append frame 274
25:35.597  render           | Video append frame 275
      CAM_C 275/450 frames (61%) 0.7 fps, about 4 min left
25:36.978  render           | Video append frame 276
25:38.365  render           | Video append frame 277
25:39.753  render           | Video append frame 278
25:41.137  render           | Video append frame 279
25:42.519  render           | Video append frame 280
25:43.904  render           | Video append frame 281
25:45.288  render           | Video append frame 282
25:46.686  render           | Video append frame 283
25:48.064  render           | Video append frame 284
25:49.450  render           | Video append frame 285
25:50.829  render           | Video append frame 286
25:52.215  render           | Video append frame 287
25:53.603  render           | Video append frame 288
25:54.976  render           | Video append frame 289
25:56.365  render           | Video append frame 290
25:57.755  render           | Video append frame 291
25:59.142  render           | Video append frame 292
26:00.522  render           | Video append frame 293
26:01.909  render           | Video append frame 294
26:03.281  render           | Video append frame 295
26:04.664  render           | Video append frame 296
26:06.080  render           | Video append frame 297
26:07.466  render           | Video append frame 298
26:08.823  render           | Video append frame 299
26:10.210  render           | Video append frame 300
      CAM_C 300/450 frames (66%) 0.7 fps, about 3 min left
26:11.623  render           | Video append frame 301
26:13.000  render           | Video append frame 302
26:14.360  render           | Video append frame 303
26:15.744  render           | Video append frame 304
26:17.128  render           | Video append frame 305
26:18.511  render           | Video append frame 306
26:19.894  render           | Video append frame 307
26:21.271  render           | Video append frame 308
26:22.667  render           | Video append frame 309
26:24.050  render           | Video append frame 310
26:25.414  render           | Video append frame 311
26:26.794  render           | Video append frame 312
26:28.182  render           | Video append frame 313
26:29.561  render           | Video append frame 314
26:30.937  render           | Video append frame 315
26:32.322  render           | Video append frame 316
26:33.698  render           | Video append frame 317
26:35.067  render           | Video append frame 318
26:36.442  render           | Video append frame 319
26:37.827  render           | Video append frame 320
26:39.196  render           | Video append frame 321
26:40.589  render           | Video append frame 322
26:41.971  render           | Video append frame 323
26:43.338  render           | Video append frame 324
26:44.714  render           | Video append frame 325
      CAM_C 325/450 frames (72%) 0.7 fps, about 3 min left
26:46.086  render           | Video append frame 326
26:47.472  render           | Video append frame 327
26:48.846  render           | Video append frame 328
26:50.220  render           | Video append frame 329
26:51.620  render           | Video append frame 330
26:52.959  render           | Video append frame 331
26:54.331  render           | Video append frame 332
26:55.710  render           | Video append frame 333
26:57.099  render           | Video append frame 334
26:58.485  render           | Video append frame 335
26:59.866  render           | Video append frame 336
27:01.242  render           | Video append frame 337
27:02.615  render           | Video append frame 338
27:03.986  render           | Video append frame 339
27:05.357  render           | Video append frame 340
27:06.724  render           | Video append frame 341
27:08.095  render           | Video append frame 342
27:09.473  render           | Video append frame 343
27:10.837  render           | Video append frame 344
27:12.208  render           | Video append frame 345
27:13.588  render           | Video append frame 346
27:14.962  render           | Video append frame 347
27:16.332  render           | Video append frame 348
27:17.703  render           | Video append frame 349
27:19.075  render           | Video append frame 350
      CAM_C 350/450 frames (77%) 0.7 fps, about 2 min left
27:20.443  render           | Video append frame 351
27:21.807  render           | Video append frame 352
27:23.198  render           | Video append frame 353
27:24.539  render           | Video append frame 354
27:25.894  render           | Video append frame 355
27:27.273  render           | Video append frame 356
27:28.643  render           | Video append frame 357
27:30.011  render           | Video append frame 358
27:31.371  render           | Video append frame 359
27:32.745  render           | Video append frame 360
27:34.103  render           | Video append frame 361
27:35.469  render           | Video append frame 362
27:36.841  render           | Video append frame 363
27:38.221  render           | Video append frame 364
27:39.591  render           | Video append frame 365
27:40.960  render           | Video append frame 366
27:42.323  render           | Video append frame 367
27:43.690  render           | Video append frame 368
27:45.051  render           | Video append frame 369
27:46.425  render           | Video append frame 370
27:47.792  render           | Video append frame 371
27:49.163  render           | Video append frame 372
27:50.526  render           | Video append frame 373
27:51.891  render           | Video append frame 374
27:53.257  render           | Video append frame 375
      CAM_C 375/450 frames (83%) 0.7 fps, about 2 min left
27:54.626  render           | Video append frame 376
27:56.008  render           | Video append frame 377
27:57.381  render           | Video append frame 378
27:58.749  render           | Video append frame 379
28:00.115  render           | Video append frame 380
28:01.485  render           | Video append frame 381
28:02.862  render           | Video append frame 382
28:04.230  render           | Video append frame 383
28:05.596  render           | Video append frame 384
28:06.966  render           | Video append frame 385
28:08.339  render           | Video append frame 386
28:09.705  render           | Video append frame 387
28:11.081  render           | Video append frame 388
28:12.447  render           | Video append frame 389
28:13.816  render           | Video append frame 390
28:15.180  render           | Video append frame 391
28:16.543  render           | Video append frame 392
28:17.910  render           | Video append frame 393
28:19.284  render           | Video append frame 394
28:20.647  render           | Video append frame 395
28:22.013  render           | Video append frame 396
28:23.406  render           | Video append frame 397
28:24.758  render           | Video append frame 398
28:26.116  render           | Video append frame 399
28:27.488  render           | Video append frame 400
      CAM_C 400/450 frames (88%) 0.7 fps, about 1 min left
28:28.865  render           | Video append frame 401
28:30.222  render           | Video append frame 402
28:31.583  render           | Video append frame 403
28:32.943  render           | Video append frame 404
28:34.308  render           | Video append frame 405
28:35.677  render           | Video append frame 406
28:37.035  render           | Video append frame 407
28:38.399  render           | Video append frame 408
28:39.768  render           | Video append frame 409
28:41.130  render           | Video append frame 410
28:42.495  render           | Video append frame 411
28:43.859  render           | Video append frame 412
28:45.217  render           | Video append frame 413
28:46.581  render           | Video append frame 414
28:47.954  render           | Video append frame 415
28:49.320  render           | Video append frame 416
28:50.679  render           | Video append frame 417
28:52.050  render           | Video append frame 418
28:53.427  render           | Video append frame 419
28:54.791  render           | Video append frame 420
28:56.155  render           | Video append frame 421
28:57.527  render           | Video append frame 422
28:58.903  render           | Video append frame 423
29:00.271  render           | Video append frame 424
29:01.630  render           | Video append frame 425
      CAM_C 425/450 frames (94%) 0.7 fps, about 1 min left
29:02.991  render           | Video append frame 426
29:04.364  render           | Video append frame 427
29:05.732  render           | Video append frame 428
29:07.098  render           | Video append frame 429
29:08.467  render           | Video append frame 430
29:09.834  render           | Video append frame 431
29:11.198  render           | Video append frame 432
29:12.559  render           | Video append frame 433
29:13.930  render           | Video append frame 434
29:15.286  render           | Video append frame 435
29:16.648  render           | Video append frame 436
29:18.020  render           | Video append frame 437
29:19.386  render           | Video append frame 438
29:20.743  render           | Video append frame 439
29:22.108  render           | Video append frame 440
29:23.501  render           | Video append frame 441
29:24.839  render           | Video append frame 442
29:26.196  render           | Video append frame 443
29:27.560  render           | Video append frame 444
29:28.929  render           | Video append frame 445
29:30.289  render           | Video append frame 446
29:31.666  render           | Video append frame 447
29:33.023  render           | Video append frame 448
29:34.387  render           | Video append frame 449
29:35.763  render           | Video append frame 450
      CAM_C 450/450 frames (100%) 0.7 fps, about 0 min left
    finished CAM_C
  observations : 2113
  events       : 10
  written to   : /Users/adityasingh/codes/Rewind/data/samples/case_01

[2/6] case_02 — ESTOP_OCCLUDED (450 frames)
    frame 0/450  observations 3
    frame 50/450  observations 277
    frame 100/450  observations 551
    frame 150/450  observations 727
    frame 200/450  observations 897
    frame 250/450  observations 1097
    frame 300/450  observations 1297
    frame 350/450  observations 1497
    frame 400/450  observations 1697
    rendering CAM_A (1/3) 450 frames
29:41.763  render           | Video append frame 1
29:42.990  render           | Video append frame 2
29:44.205  render           | Video append frame 3
29:45.435  render           | Video append frame 4
29:46.668  render           | Video append frame 5
29:47.889  render           | Video append frame 6
29:49.135  render           | Video append frame 7
29:50.417  render           | Video append frame 8
29:51.677  render           | Video append frame 9
29:52.945  render           | Video append frame 10
29:54.226  render           | Video append frame 11
29:55.480  render           | Video append frame 12
29:56.781  render           | Video append frame 13
29:58.155  render           | Video append frame 14
29:59.495  render           | Video append frame 15
30:00.734  render           | Video append frame 16
30:02.015  render           | Video append frame 17
30:03.375  render           | Video append frame 18
30:04.715  render           | Video append frame 19
30:06.003  render           | Video append frame 20
30:07.345  render           | Video append frame 21
30:08.613  render           | Video append frame 22
30:09.859  render           | Video append frame 23
30:11.142  render           | Video append frame 24
30:12.416  render           | Video append frame 25
      CAM_A 25/450 frames (5%) 0.8 fps, about 9 min left
30:13.718  render           | Video append frame 26
30:14.986  render           | Video append frame 27
30:16.267  render           | Video append frame 28
30:17.528  render           | Video append frame 29
30:18.805  render           | Video append frame 30
30:20.072  render           | Video append frame 31
30:21.333  render           | Video append frame 32
30:22.616  render           | Video append frame 33
30:23.868  render           | Video append frame 34
30:25.154  render           | Video append frame 35
30:26.421  render           | Video append frame 36
30:27.716  render           | Video append frame 37
30:28.984  render           | Video append frame 38
30:30.251  render           | Video append frame 39
30:31.533  render           | Video append frame 40
30:32.780  render           | Video append frame 41
30:34.059  render           | Video append frame 42
30:35.337  render           | Video append frame 43
30:36.605  render           | Video append frame 44
30:37.859  render           | Video append frame 45
30:39.137  render           | Video append frame 46
30:40.398  render           | Video append frame 47
30:41.674  render           | Video append frame 48
30:42.953  render           | Video append frame 49
30:44.223  render           | Video append frame 50
      CAM_A 50/450 frames (11%) 0.8 fps, about 8 min left
30:45.502  render           | Video append frame 51
30:46.766  render           | Video append frame 52
30:48.040  render           | Video append frame 53
30:49.321  render           | Video append frame 54
30:50.612  render           | Video append frame 55
30:51.868  render           | Video append frame 56
30:53.138  render           | Video append frame 57
30:54.425  render           | Video append frame 58
30:55.685  render           | Video append frame 59
30:56.960  render           | Video append frame 60
30:58.233  render           | Video append frame 61
30:59.519  render           | Video append frame 62
31:00.771  render           | Video append frame 63
31:02.056  render           | Video append frame 64
31:03.338  render           | Video append frame 65
31:04.634  render           | Video append frame 66
31:05.889  render           | Video append frame 67
31:07.187  render           | Video append frame 68
31:08.449  render           | Video append frame 69
31:09.717  render           | Video append frame 70
31:10.964  render           | Video append frame 71
31:12.233  render           | Video append frame 72
31:13.510  render           | Video append frame 73
31:14.804  render           | Video append frame 74
31:16.102  render           | Video append frame 75
      CAM_A 75/450 frames (16%) 0.8 fps, about 8 min left
31:17.348  render           | Video append frame 76
31:18.619  render           | Video append frame 77
31:19.899  render           | Video append frame 78
31:21.187  render           | Video append frame 79
31:22.442  render           | Video append frame 80
31:23.740  render           | Video append frame 81
31:24.977  render           | Video append frame 82
31:26.230  render           | Video append frame 83
31:27.491  render           | Video append frame 84
31:28.764  render           | Video append frame 85
31:30.055  render           | Video append frame 86
31:31.315  render           | Video append frame 87
31:32.559  render           | Video append frame 88
31:33.810  render           | Video append frame 89
31:35.114  render           | Video append frame 90
31:36.360  render           | Video append frame 91
31:37.633  render           | Video append frame 92
31:38.903  render           | Video append frame 93
31:40.198  render           | Video append frame 94
31:41.484  render           | Video append frame 95
31:42.758  render           | Video append frame 96
31:44.028  render           | Video append frame 97
31:45.338  render           | Video append frame 98
31:46.585  render           | Video append frame 99
31:47.840  render           | Video append frame 100
      CAM_A 100/450 frames (22%) 0.8 fps, about 7 min left
31:49.111  render           | Video append frame 101
31:50.385  render           | Video append frame 102
31:51.663  render           | Video append frame 103
31:52.936  render           | Video append frame 104
31:54.226  render           | Video append frame 105
31:55.544  render           | Video append frame 106
31:56.807  render           | Video append frame 107
31:58.053  render           | Video append frame 108
31:59.314  render           | Video append frame 109
32:00.591  render           | Video append frame 110
32:01.854  render           | Video append frame 111
32:03.121  render           | Video append frame 112
32:04.389  render           | Video append frame 113
32:05.666  render           | Video append frame 114
32:06.940  render           | Video append frame 115
32:08.231  render           | Video append frame 116
32:09.506  render           | Video append frame 117
32:10.911  render           | Video append frame 118
32:12.434  render           | Video append frame 119
32:13.968  render           | Video append frame 120
32:15.490  render           | Video append frame 121
32:16.973  render           | Video append frame 122
32:18.482  render           | Video append frame 123
32:19.991  render           | Video append frame 124
32:21.471  render           | Video append frame 125
      CAM_A 125/450 frames (27%) 0.8 fps, about 7 min left
32:22.989  render           | Video append frame 126
32:24.476  render           | Video append frame 127
32:25.804  render           | Video append frame 128
32:27.056  render           | Video append frame 129
32:28.304  render           | Video append frame 130
32:29.557  render           | Video append frame 131
32:30.840  render           | Video append frame 132
32:32.123  render           | Video append frame 133
32:33.375  render           | Video append frame 134
32:34.634  render           | Video append frame 135
32:35.912  render           | Video append frame 136
32:37.168  render           | Video append frame 137
32:38.452  render           | Video append frame 138
32:39.762  render           | Video append frame 139
32:41.021  render           | Video append frame 140
32:42.283  render           | Video append frame 141
32:43.562  render           | Video append frame 142
32:44.827  render           | Video append frame 143
32:46.111  render           | Video append frame 144
32:47.395  render           | Video append frame 145
32:48.689  render           | Video append frame 146
32:49.981  render           | Video append frame 147
32:51.263  render           | Video append frame 148
32:52.540  render           | Video append frame 149
32:53.814  render           | Video append frame 150
      CAM_A 150/450 frames (33%) 0.8 fps, about 6 min left
32:55.106  render           | Video append frame 151
32:56.374  render           | Video append frame 152
32:57.650  render           | Video append frame 153
32:58.914  render           | Video append frame 154
33:00.170  render           | Video append frame 155
33:01.456  render           | Video append frame 156
33:02.732  render           | Video append frame 157
33:03.996  render           | Video append frame 158
33:05.259  render           | Video append frame 159
33:06.553  render           | Video append frame 160
33:07.815  render           | Video append frame 161
33:09.081  render           | Video append frame 162
33:10.331  render           | Video append frame 163
33:11.614  render           | Video append frame 164
33:12.887  render           | Video append frame 165
33:14.155  render           | Video append frame 166
33:15.463  render           | Video append frame 167
33:16.726  render           | Video append frame 168
33:18.012  render           | Video append frame 169
33:19.269  render           | Video append frame 170
33:20.537  render           | Video append frame 171
33:21.805  render           | Video append frame 172
33:23.103  render           | Video append frame 173
33:24.362  render           | Video append frame 174
33:25.646  render           | Video append frame 175
      CAM_A 175/450 frames (38%) 0.8 fps, about 6 min left
33:26.903  render           | Video append frame 176
33:28.153  render           | Video append frame 177
33:29.432  render           | Video append frame 178
33:30.726  render           | Video append frame 179
33:31.978  render           | Video append frame 180
33:33.224  render           | Video append frame 181
33:34.481  render           | Video append frame 182
33:35.752  render           | Video append frame 183
33:37.026  render           | Video append frame 184
33:38.293  render           | Video append frame 185
33:39.549  render           | Video append frame 186
33:40.822  render           | Video append frame 187
33:42.072  render           | Video append frame 188
33:43.318  render           | Video append frame 189
33:44.601  render           | Video append frame 190
33:45.865  render           | Video append frame 191
33:47.125  render           | Video append frame 192
33:48.382  render           | Video append frame 193
33:49.651  render           | Video append frame 194
33:50.909  render           | Video append frame 195
33:52.183  render           | Video append frame 196
33:53.458  render           | Video append frame 197
33:54.736  render           | Video append frame 198
33:56.030  render           | Video append frame 199
33:57.281  render           | Video append frame 200
      CAM_A 200/450 frames (44%) 0.8 fps, about 5 min left
33:58.552  render           | Video append frame 201
33:59.811  render           | Video append frame 202
34:01.078  render           | Video append frame 203
34:02.343  render           | Video append frame 204
34:03.613  render           | Video append frame 205
34:04.877  render           | Video append frame 206
34:06.133  render           | Video append frame 207
34:07.415  render           | Video append frame 208
34:08.707  render           | Video append frame 209
34:09.979  render           | Video append frame 210
34:11.229  render           | Video append frame 211
34:12.510  render           | Video append frame 212
34:13.780  render           | Video append frame 213
34:15.051  render           | Video append frame 214
34:16.315  render           | Video append frame 215
34:17.587  render           | Video append frame 216
34:18.852  render           | Video append frame 217
34:20.183  render           | Video append frame 218
34:21.430  render           | Video append frame 219
34:22.674  render           | Video append frame 220
34:23.955  render           | Video append frame 221
34:25.219  render           | Video append frame 222
34:26.481  render           | Video append frame 223
34:27.748  render           | Video append frame 224
34:29.012  render           | Video append frame 225
      CAM_A 225/450 frames (50%) 0.8 fps, about 5 min left
34:30.295  render           | Video append frame 226
34:31.555  render           | Video append frame 227
34:32.839  render           | Video append frame 228
34:34.100  render           | Video append frame 229
34:35.373  render           | Video append frame 230
34:36.635  render           | Video append frame 231
34:37.915  render           | Video append frame 232
34:39.205  render           | Video append frame 233
34:40.474  render           | Video append frame 234
34:41.736  render           | Video append frame 235
34:43.015  render           | Video append frame 236
34:44.281  render           | Video append frame 237
34:45.548  render           | Video append frame 238
34:46.843  render           | Video append frame 239
34:48.138  render           | Video append frame 240
34:49.391  render           | Video append frame 241
34:50.656  render           | Video append frame 242
34:51.957  render           | Video append frame 243
34:53.215  render           | Video append frame 244
34:54.496  render           | Video append frame 245
34:55.775  render           | Video append frame 246
34:57.063  render           | Video append frame 247
34:58.314  render           | Video append frame 248
34:59.610  render           | Video append frame 249
35:00.871  render           | Video append frame 250
      CAM_A 250/450 frames (55%) 0.8 fps, about 4 min left
35:02.165  render           | Video append frame 251
35:03.430  render           | Video append frame 252
35:04.711  render           | Video append frame 253
35:05.963  render           | Video append frame 254
35:07.255  render           | Video append frame 255
35:08.527  render           | Video append frame 256
35:09.791  render           | Video append frame 257
35:11.065  render           | Video append frame 258
35:12.337  render           | Video append frame 259
35:13.603  render           | Video append frame 260
35:14.890  render           | Video append frame 261
35:16.163  render           | Video append frame 262
35:17.442  render           | Video append frame 263
35:18.689  render           | Video append frame 264
35:19.968  render           | Video append frame 265
35:21.253  render           | Video append frame 266
35:22.583  render           | Video append frame 267
35:24.001  render           | Video append frame 268
35:25.265  render           | Video append frame 269
35:26.540  render           | Video append frame 270
35:27.858  render           | Video append frame 271
35:29.111  render           | Video append frame 272
35:30.411  render           | Video append frame 273
35:31.697  render           | Video append frame 274
35:32.994  render           | Video append frame 275
      CAM_A 275/450 frames (61%) 0.8 fps, about 4 min left
35:34.315  render           | Video append frame 276
35:35.592  render           | Video append frame 277
35:37.272  render           | Video append frame 278
35:38.524  render           | Video append frame 279
35:39.760  render           | Video append frame 280
35:41.010  render           | Video append frame 281
35:42.284  render           | Video append frame 282
35:43.546  render           | Video append frame 283
35:44.801  render           | Video append frame 284
35:46.115  render           | Video append frame 285
35:47.382  render           | Video append frame 286
35:48.626  render           | Video append frame 287
35:49.927  render           | Video append frame 288
35:51.423  render           | Video append frame 289
35:53.202  render           | Video append frame 290
35:54.576  render           | Video append frame 291
35:55.811  render           | Video append frame 292
35:57.069  render           | Video append frame 293
35:58.386  render           | Video append frame 294
35:59.677  render           | Video append frame 295
36:01.112  render           | Video append frame 296
36:03.099  render           | Video append frame 297
36:04.763  render           | Video append frame 298
36:06.232  render           | Video append frame 299
36:07.695  render           | Video append frame 300
      CAM_A 300/450 frames (66%) 0.8 fps, about 3 min left
36:09.165  render           | Video append frame 301
36:10.445  render           | Video append frame 302
36:11.777  render           | Video append frame 303
36:13.243  render           | Video append frame 304
36:14.536  render           | Video append frame 305
36:15.809  render           | Video append frame 306
36:17.071  render           | Video append frame 307
36:18.344  render           | Video append frame 308
36:19.645  render           | Video append frame 309
36:21.020  render           | Video append frame 310
36:22.496  render           | Video append frame 311
36:23.789  render           | Video append frame 312
36:25.061  render           | Video append frame 313
36:26.405  render           | Video append frame 314
36:27.818  render           | Video append frame 315
36:29.093  render           | Video append frame 316
36:30.445  render           | Video append frame 317
36:31.709  render           | Video append frame 318
36:32.999  render           | Video append frame 319
36:34.291  render           | Video append frame 320
36:35.760  render           | Video append frame 321
36:37.085  render           | Video append frame 322
36:38.351  render           | Video append frame 323
36:39.793  render           | Video append frame 324
36:41.223  render           | Video append frame 325
      CAM_A 325/450 frames (72%) 0.8 fps, about 3 min left
36:42.573  render           | Video append frame 326
36:43.864  render           | Video append frame 327
36:45.165  render           | Video append frame 328
36:46.584  render           | Video append frame 329
36:47.989  render           | Video append frame 330
36:49.269  render           | Video append frame 331
36:50.544  render           | Video append frame 332
36:51.946  render           | Video append frame 333
36:53.276  render           | Video append frame 334
36:54.637  render           | Video append frame 335
36:55.946  render           | Video append frame 336
36:57.483  render           | Video append frame 337
36:58.896  render           | Video append frame 338
37:00.591  render           | Video append frame 339
37:01.926  render           | Video append frame 340
37:03.253  render           | Video append frame 341
37:04.570  render           | Video append frame 342
37:05.928  render           | Video append frame 343
37:07.278  render           | Video append frame 344
37:08.560  render           | Video append frame 345
37:09.985  render           | Video append frame 346
37:11.609  render           | Video append frame 347
37:12.940  render           | Video append frame 348
37:14.282  render           | Video append frame 349
37:15.547  render           | Video append frame 350
      CAM_A 350/450 frames (77%) 0.8 fps, about 2 min left
37:16.850  render           | Video append frame 351
37:18.189  render           | Video append frame 352
37:19.516  render           | Video append frame 353
37:20.833  render           | Video append frame 354
37:22.155  render           | Video append frame 355
37:23.502  render           | Video append frame 356
37:24.809  render           | Video append frame 357
37:26.116  render           | Video append frame 358
37:27.473  render           | Video append frame 359
37:28.897  render           | Video append frame 360
37:30.202  render           | Video append frame 361
37:31.507  render           | Video append frame 362
37:32.820  render           | Video append frame 363
37:34.213  render           | Video append frame 364
37:35.502  render           | Video append frame 365
37:36.844  render           | Video append frame 366
37:38.209  render           | Video append frame 367
37:39.771  render           | Video append frame 368
37:41.094  render           | Video append frame 369
37:42.492  render           | Video append frame 370
37:43.930  render           | Video append frame 371
37:45.260  render           | Video append frame 372
37:46.575  render           | Video append frame 373
37:48.014  render           | Video append frame 374
37:49.408  render           | Video append frame 375
      CAM_A 375/450 frames (83%) 0.8 fps, about 2 min left
37:50.695  render           | Video append frame 376
37:52.440  render           | Video append frame 377
37:53.956  render           | Video append frame 378
37:55.221  render           | Video append frame 379
37:56.654  render           | Video append frame 380
37:58.093  render           | Video append frame 381
37:59.352  render           | Video append frame 382
38:00.683  render           | Video append frame 383
38:02.050  render           | Video append frame 384
38:03.374  render           | Video append frame 385
38:04.727  render           | Video append frame 386
38:06.031  render           | Video append frame 387
38:07.518  render           | Video append frame 388
38:09.195  render           | Video append frame 389
38:11.156  render           | Video append frame 390
38:12.828  render           | Video append frame 391
38:14.454  render           | Video append frame 392
38:15.993  render           | Video append frame 393
38:17.535  render           | Video append frame 394
38:18.832  render           | Video append frame 395
38:20.164  render           | Video append frame 396
38:21.465  render           | Video append frame 397
38:22.803  render           | Video append frame 398
38:24.163  render           | Video append frame 399
38:25.467  render           | Video append frame 400
      CAM_A 400/450 frames (88%) 0.8 fps, about 1 min left
38:26.773  render           | Video append frame 401
38:28.131  render           | Video append frame 402
38:29.410  render           | Video append frame 403
38:30.710  render           | Video append frame 404
38:32.020  render           | Video append frame 405
38:33.361  render           | Video append frame 406
38:34.659  render           | Video append frame 407
38:35.997  render           | Video append frame 408
38:37.279  render           | Video append frame 409
38:38.618  render           | Video append frame 410
38:39.951  render           | Video append frame 411
38:41.272  render           | Video append frame 412
38:42.664  render           | Video append frame 413
38:43.938  render           | Video append frame 414
38:45.244  render           | Video append frame 415
38:46.573  render           | Video append frame 416
38:47.930  render           | Video append frame 417
38:49.236  render           | Video append frame 418
38:50.536  render           | Video append frame 419
38:51.849  render           | Video append frame 420
38:53.163  render           | Video append frame 421
38:54.477  render           | Video append frame 422
38:55.788  render           | Video append frame 423
38:57.094  render           | Video append frame 424
38:58.399  render           | Video append frame 425
      CAM_A 425/450 frames (94%) 0.8 fps, about 1 min left
38:59.720  render           | Video append frame 426
39:01.024  render           | Video append frame 427
39:02.327  render           | Video append frame 428
39:03.650  render           | Video append frame 429
39:04.949  render           | Video append frame 430
39:06.259  render           | Video append frame 431
39:07.570  render           | Video append frame 432
39:08.896  render           | Video append frame 433
39:10.213  render           | Video append frame 434
39:11.524  render           | Video append frame 435
39:12.815  render           | Video append frame 436
39:14.135  render           | Video append frame 437
39:15.528  render           | Video append frame 438
39:16.803  render           | Video append frame 439
39:18.114  render           | Video append frame 440
39:19.462  render           | Video append frame 441
39:20.797  render           | Video append frame 442
39:22.101  render           | Video append frame 443
39:23.412  render           | Video append frame 444
39:24.729  render           | Video append frame 445
39:26.025  render           | Video append frame 446
39:27.345  render           | Video append frame 447
39:28.644  render           | Video append frame 448
39:29.942  render           | Video append frame 449
39:31.268  render           | Video append frame 450
      CAM_A 450/450 frames (100%) 0.8 fps, about 0 min left
    finished CAM_A
    rendering CAM_B (2/3) 450 frames
39:32.533  render           | Video append frame 1
39:33.871  render           | Video append frame 2
39:35.060  render           | Video append frame 3
39:36.337  render           | Video append frame 4
39:37.693  render           | Video append frame 5
39:39.088  render           | Video append frame 6
39:40.306  render           | Video append frame 7
39:41.544  render           | Video append frame 8
39:43.041  render           | Video append frame 9
39:44.624  render           | Video append frame 10
39:45.872  render           | Video append frame 11
39:47.116  render           | Video append frame 12
39:48.381  render           | Video append frame 13
39:49.630  render           | Video append frame 14
39:50.862  render           | Video append frame 15
39:52.100  render           | Video append frame 16
39:53.346  render           | Video append frame 17
39:54.635  render           | Video append frame 18
39:55.857  render           | Video append frame 19
39:57.147  render           | Video append frame 20
39:58.385  render           | Video append frame 21
39:59.594  render           | Video append frame 22
40:00.798  render           | Video append frame 23
40:02.017  render           | Video append frame 24
40:03.225  render           | Video append frame 25
      CAM_B 25/450 frames (5%) 0.8 fps, about 9 min left
40:04.431  render           | Video append frame 26
40:05.631  render           | Video append frame 27
40:06.861  render           | Video append frame 28
40:08.077  render           | Video append frame 29
40:09.298  render           | Video append frame 30
40:10.490  render           | Video append frame 31
40:11.722  render           | Video append frame 32
40:12.919  render           | Video append frame 33
40:14.114  render           | Video append frame 34
40:15.351  render           | Video append frame 35
40:16.536  render           | Video append frame 36
40:17.725  render           | Video append frame 37
40:18.939  render           | Video append frame 38
40:20.138  render           | Video append frame 39
40:21.332  render           | Video append frame 40
40:22.518  render           | Video append frame 41
40:23.755  render           | Video append frame 42
40:25.034  render           | Video append frame 43
40:26.226  render           | Video append frame 44
40:27.441  render           | Video append frame 45
40:28.811  render           | Video append frame 46
40:30.037  render           | Video append frame 47
40:31.218  render           | Video append frame 48
40:32.430  render           | Video append frame 49
40:33.646  render           | Video append frame 50
      CAM_B 50/450 frames (11%) 0.8 fps, about 8 min left
40:34.882  render           | Video append frame 51
40:36.080  render           | Video append frame 52
40:37.298  render           | Video append frame 53
40:38.508  render           | Video append frame 54
40:39.791  render           | Video append frame 55
40:41.011  render           | Video append frame 56
40:42.244  render           | Video append frame 57
40:43.496  render           | Video append frame 58
40:44.696  render           | Video append frame 59
40:45.887  render           | Video append frame 60
40:47.097  render           | Video append frame 61
40:48.317  render           | Video append frame 62
40:49.521  render           | Video append frame 63
40:50.773  render           | Video append frame 64
40:51.965  render           | Video append frame 65
40:53.190  render           | Video append frame 66
40:54.374  render           | Video append frame 67
40:55.594  render           | Video append frame 68
40:56.780  render           | Video append frame 69
40:58.006  render           | Video append frame 70
40:59.197  render           | Video append frame 71
41:00.389  render           | Video append frame 72
41:01.596  render           | Video append frame 73
41:02.890  render           | Video append frame 74
41:04.101  render           | Video append frame 75
      CAM_B 75/450 frames (16%) 0.8 fps, about 8 min left
41:05.301  render           | Video append frame 76
41:06.493  render           | Video append frame 77
41:07.698  render           | Video append frame 78
41:08.908  render           | Video append frame 79
41:10.111  render           | Video append frame 80
41:11.339  render           | Video append frame 81
41:12.535  render           | Video append frame 82
41:13.732  render           | Video append frame 83
41:14.979  render           | Video append frame 84
41:16.192  render           | Video append frame 85
41:17.426  render           | Video append frame 86
41:18.616  render           | Video append frame 87
41:19.893  render           | Video append frame 88
41:21.107  render           | Video append frame 89
41:22.337  render           | Video append frame 90
41:23.550  render           | Video append frame 91
41:24.753  render           | Video append frame 92
41:25.962  render           | Video append frame 93
41:27.175  render           | Video append frame 94
41:28.403  render           | Video append frame 95
41:29.631  render           | Video append frame 96
41:30.868  render           | Video append frame 97
41:32.080  render           | Video append frame 98
41:33.282  render           | Video append frame 99
41:34.530  render           | Video append frame 100
      CAM_B 100/450 frames (22%) 0.8 fps, about 7 min left
41:35.738  render           | Video append frame 101
41:36.941  render           | Video append frame 102
41:38.133  render           | Video append frame 103
41:39.365  render           | Video append frame 104
41:40.609  render           | Video append frame 105
41:41.815  render           | Video append frame 106
41:43.003  render           | Video append frame 107
41:44.194  render           | Video append frame 108
41:45.391  render           | Video append frame 109
41:46.590  render           | Video append frame 110
41:47.845  render           | Video append frame 111
41:49.030  render           | Video append frame 112
41:50.233  render           | Video append frame 113
41:51.429  render           | Video append frame 114
41:52.691  render           | Video append frame 115
41:53.903  render           | Video append frame 116
41:55.146  render           | Video append frame 117
41:56.334  render           | Video append frame 118
41:57.538  render           | Video append frame 119
41:58.739  render           | Video append frame 120
41:59.949  render           | Video append frame 121
42:01.144  render           | Video append frame 122
42:02.348  render           | Video append frame 123
42:03.563  render           | Video append frame 124
42:04.774  render           | Video append frame 125
      CAM_B 125/450 frames (27%) 0.8 fps, about 7 min left
42:05.978  render           | Video append frame 126
42:07.164  render           | Video append frame 127
42:08.384  render           | Video append frame 128
42:09.575  render           | Video append frame 129
42:10.782  render           | Video append frame 130
42:12.008  render           | Video append frame 131
42:13.200  render           | Video append frame 132
42:14.411  render           | Video append frame 133
42:15.603  render           | Video append frame 134
42:16.803  render           | Video append frame 135
42:18.022  render           | Video append frame 136
42:19.284  render           | Video append frame 137
42:20.505  render           | Video append frame 138
42:21.692  render           | Video append frame 139
42:22.901  render           | Video append frame 140
42:24.140  render           | Video append frame 141
42:25.384  render           | Video append frame 142
42:26.594  render           | Video append frame 143
42:27.837  render           | Video append frame 144
42:29.042  render           | Video append frame 145
42:30.246  render           | Video append frame 146
42:31.442  render           | Video append frame 147
42:32.634  render           | Video append frame 148
42:33.825  render           | Video append frame 149
42:35.025  render           | Video append frame 150
      CAM_B 150/450 frames (33%) 0.8 fps, about 6 min left
42:36.234  render           | Video append frame 151
42:37.432  render           | Video append frame 152
42:38.671  render           | Video append frame 153
42:39.888  render           | Video append frame 154
42:41.110  render           | Video append frame 155
42:42.319  render           | Video append frame 156
42:43.512  render           | Video append frame 157
42:44.730  render           | Video append frame 158
42:45.918  render           | Video append frame 159
42:47.136  render           | Video append frame 160
42:48.403  render           | Video append frame 161
42:49.750  render           | Video append frame 162
42:51.289  render           | Video append frame 163
42:52.704  render           | Video append frame 164
42:54.090  render           | Video append frame 165
42:55.470  render           | Video append frame 166
42:56.931  render           | Video append frame 167
42:58.382  render           | Video append frame 168
42:59.705  render           | Video append frame 169
43:00.981  render           | Video append frame 170
43:02.239  render           | Video append frame 171
43:03.461  render           | Video append frame 172
43:04.774  render           | Video append frame 173
43:06.105  render           | Video append frame 174
43:07.386  render           | Video append frame 175
      CAM_B 175/450 frames (38%) 0.8 fps, about 6 min left
43:08.623  render           | Video append frame 176
43:09.833  render           | Video append frame 177
43:11.022  render           | Video append frame 178
43:12.227  render           | Video append frame 179
43:13.457  render           | Video append frame 180
43:14.698  render           | Video append frame 181
43:15.922  render           | Video append frame 182
43:17.190  render           | Video append frame 183
43:18.560  render           | Video append frame 184
43:19.897  render           | Video append frame 185
43:21.115  render           | Video append frame 186
43:22.452  render           | Video append frame 187
43:23.747  render           | Video append frame 188
43:25.017  render           | Video append frame 189
43:26.254  render           | Video append frame 190
43:27.507  render           | Video append frame 191
43:28.762  render           | Video append frame 192
43:29.967  render           | Video append frame 193
43:31.210  render           | Video append frame 194
43:32.593  render           | Video append frame 195
43:33.991  render           | Video append frame 196
43:35.180  render           | Video append frame 197
43:36.358  render           | Video append frame 198
43:37.556  render           | Video append frame 199
43:38.754  render           | Video append frame 200
      CAM_B 200/450 frames (44%) 0.8 fps, about 5 min left
43:39.956  render           | Video append frame 201
43:41.168  render           | Video append frame 202
43:42.394  render           | Video append frame 203
43:43.601  render           | Video append frame 204
43:44.795  render           | Video append frame 205
43:46.005  render           | Video append frame 206
43:47.310  render           | Video append frame 207
43:48.563  render           | Video append frame 208
43:49.783  render           | Video append frame 209
43:50.979  render           | Video append frame 210
43:52.197  render           | Video append frame 211
43:53.477  render           | Video append frame 212
43:54.726  render           | Video append frame 213
43:55.990  render           | Video append frame 214
43:57.234  render           | Video append frame 215
43:58.476  render           | Video append frame 216
43:59.753  render           | Video append frame 217
44:00.972  render           | Video append frame 218
44:02.232  render           | Video append frame 219
44:03.503  render           | Video append frame 220
44:04.755  render           | Video append frame 221
44:06.022  render           | Video append frame 222
44:07.255  render           | Video append frame 223
44:08.483  render           | Video append frame 224
44:09.697  render           | Video append frame 225
      CAM_B 225/450 frames (50%) 0.8 fps, about 5 min left
44:10.915  render           | Video append frame 226
44:12.254  render           | Video append frame 227
44:13.514  render           | Video append frame 228
44:14.753  render           | Video append frame 229
44:15.957  render           | Video append frame 230
44:17.185  render           | Video append frame 231
44:18.408  render           | Video append frame 232
44:19.621  render           | Video append frame 233
44:20.849  render           | Video append frame 234
44:22.063  render           | Video append frame 235
44:23.277  render           | Video append frame 236
44:24.531  render           | Video append frame 237
44:25.735  render           | Video append frame 238
44:26.949  render           | Video append frame 239
44:28.201  render           | Video append frame 240
44:29.388  render           | Video append frame 241
44:30.594  render           | Video append frame 242
44:31.837  render           | Video append frame 243
44:33.031  render           | Video append frame 244
44:34.224  render           | Video append frame 245
44:35.436  render           | Video append frame 246
44:36.644  render           | Video append frame 247
44:37.857  render           | Video append frame 248
44:39.059  render           | Video append frame 249
44:40.265  render           | Video append frame 250
      CAM_B 250/450 frames (55%) 0.8 fps, about 4 min left
44:41.466  render           | Video append frame 251
44:42.706  render           | Video append frame 252
44:44.061  render           | Video append frame 253
44:45.373  render           | Video append frame 254
44:46.749  render           | Video append frame 255
44:47.985  render           | Video append frame 256
44:49.338  render           | Video append frame 257
44:50.548  render           | Video append frame 258
44:51.922  render           | Video append frame 259
44:53.313  render           | Video append frame 260
44:54.583  render           | Video append frame 261
44:55.946  render           | Video append frame 262
44:57.195  render           | Video append frame 263
44:58.411  render           | Video append frame 264
44:59.697  render           | Video append frame 265
45:01.010  render           | Video append frame 266
45:02.271  render           | Video append frame 267
45:03.631  render           | Video append frame 268
45:04.881  render           | Video append frame 269
45:06.063  render           | Video append frame 270
45:07.312  render           | Video append frame 271
45:08.555  render           | Video append frame 272
45:09.820  render           | Video append frame 273
45:11.021  render           | Video append frame 274
45:12.247  render           | Video append frame 275
      CAM_B 275/450 frames (61%) 0.8 fps, about 4 min left
45:13.546  render           | Video append frame 276
45:14.751  render           | Video append frame 277
45:16.027  render           | Video append frame 278
45:17.238  render           | Video append frame 279
45:18.520  render           | Video append frame 280
45:19.804  render           | Video append frame 281
45:20.998  render           | Video append frame 282
45:22.209  render           | Video append frame 283
45:23.534  render           | Video append frame 284
45:24.762  render           | Video append frame 285
45:25.950  render           | Video append frame 286
45:27.188  render           | Video append frame 287
45:28.473  render           | Video append frame 288
45:29.703  render           | Video append frame 289
45:30.943  render           | Video append frame 290
45:32.166  render           | Video append frame 291
45:33.409  render           | Video append frame 292
45:34.674  render           | Video append frame 293
45:35.930  render           | Video append frame 294
45:37.145  render           | Video append frame 295
45:38.378  render           | Video append frame 296
45:39.582  render           | Video append frame 297
45:40.830  render           | Video append frame 298
45:42.038  render           | Video append frame 299
45:43.270  render           | Video append frame 300
      CAM_B 300/450 frames (66%) 0.8 fps, about 3 min left
45:44.517  render           | Video append frame 301
45:45.735  render           | Video append frame 302
45:46.970  render           | Video append frame 303
45:48.218  render           | Video append frame 304
45:49.450  render           | Video append frame 305
45:50.698  render           | Video append frame 306
45:51.936  render           | Video append frame 307
45:53.217  render           | Video append frame 308
45:54.445  render           | Video append frame 309
45:55.667  render           | Video append frame 310
45:56.897  render           | Video append frame 311
45:58.163  render           | Video append frame 312
45:59.417  render           | Video append frame 313
46:00.625  render           | Video append frame 314
46:01.835  render           | Video append frame 315
46:03.070  render           | Video append frame 316
46:04.335  render           | Video append frame 317
46:05.541  render           | Video append frame 318
46:06.791  render           | Video append frame 319
46:08.034  render           | Video append frame 320
46:09.286  render           | Video append frame 321
46:10.516  render           | Video append frame 322
46:11.730  render           | Video append frame 323
46:12.972  render           | Video append frame 324
46:14.244  render           | Video append frame 325
      CAM_B 325/450 frames (72%) 0.8 fps, about 3 min left
46:15.467  render           | Video append frame 326
46:16.710  render           | Video append frame 327
46:17.961  render           | Video append frame 328
46:19.188  render           | Video append frame 329
46:20.401  render           | Video append frame 330
46:21.647  render           | Video append frame 331
46:22.909  render           | Video append frame 332
46:24.309  render           | Video append frame 333
46:25.499  render           | Video append frame 334
46:26.731  render           | Video append frame 335
46:28.020  render           | Video append frame 336
46:29.216  render           | Video append frame 337
46:30.467  render           | Video append frame 338
46:31.746  render           | Video append frame 339
46:32.982  render           | Video append frame 340
46:34.265  render           | Video append frame 341
46:35.569  render           | Video append frame 342
46:36.797  render           | Video append frame 343
46:38.046  render           | Video append frame 344
46:39.315  render           | Video append frame 345
46:40.559  render           | Video append frame 346
46:41.825  render           | Video append frame 347
46:43.094  render           | Video append frame 348
46:44.352  render           | Video append frame 349
46:45.606  render           | Video append frame 350
      CAM_B 350/450 frames (77%) 0.8 fps, about 2 min left
46:46.872  render           | Video append frame 351
46:48.169  render           | Video append frame 352
46:49.453  render           | Video append frame 353
46:50.680  render           | Video append frame 354
46:51.955  render           | Video append frame 355
46:53.204  render           | Video append frame 356
46:54.486  render           | Video append frame 357
46:55.769  render           | Video append frame 358
46:57.083  render           | Video append frame 359
46:58.327  render           | Video append frame 360
46:59.573  render           | Video append frame 361
47:00.955  render           | Video append frame 362
47:02.216  render           | Video append frame 363
47:03.481  render           | Video append frame 364
47:04.766  render           | Video append frame 365
47:06.018  render           | Video append frame 366
47:07.362  render           | Video append frame 367
47:08.581  render           | Video append frame 368
47:09.820  render           | Video append frame 369
47:11.063  render           | Video append frame 370
47:12.321  render           | Video append frame 371
47:13.594  render           | Video append frame 372
47:14.878  render           | Video append frame 373
47:16.130  render           | Video append frame 374
47:17.385  render           | Video append frame 375
      CAM_B 375/450 frames (83%) 0.8 fps, about 2 min left
47:18.689  render           | Video append frame 376
47:19.951  render           | Video append frame 377
47:21.201  render           | Video append frame 378
47:22.463  render           | Video append frame 379
47:23.741  render           | Video append frame 380
47:25.026  render           | Video append frame 381
47:26.309  render           | Video append frame 382
47:27.604  render           | Video append frame 383
47:28.849  render           | Video append frame 384
47:30.099  render           | Video append frame 385
47:31.378  render           | Video append frame 386
47:32.635  render           | Video append frame 387
47:33.883  render           | Video append frame 388
47:35.164  render           | Video append frame 389
47:36.430  render           | Video append frame 390
47:37.737  render           | Video append frame 391
47:38.983  render           | Video append frame 392
47:40.244  render           | Video append frame 393
47:41.501  render           | Video append frame 394
47:42.778  render           | Video append frame 395
47:44.028  render           | Video append frame 396
47:45.278  render           | Video append frame 397
47:46.579  render           | Video append frame 398
47:47.814  render           | Video append frame 399
47:49.071  render           | Video append frame 400
      CAM_B 400/450 frames (88%) 0.8 fps, about 1 min left
47:50.345  render           | Video append frame 401
47:51.617  render           | Video append frame 402
47:52.895  render           | Video append frame 403
47:54.167  render           | Video append frame 404
47:55.433  render           | Video append frame 405
47:56.708  render           | Video append frame 406
47:57.967  render           | Video append frame 407
47:59.237  render           | Video append frame 408
48:00.500  render           | Video append frame 409
48:01.744  render           | Video append frame 410
48:03.004  render           | Video append frame 411
48:04.370  render           | Video append frame 412
48:05.709  render           | Video append frame 413
48:06.968  render           | Video append frame 414
48:08.306  render           | Video append frame 415
48:09.552  render           | Video append frame 416
48:10.814  render           | Video append frame 417
48:12.112  render           | Video append frame 418
48:13.397  render           | Video append frame 419
48:14.815  render           | Video append frame 420
48:16.031  render           | Video append frame 421
48:17.279  render           | Video append frame 422
48:18.581  render           | Video append frame 423
48:19.944  render           | Video append frame 424
48:21.169  render           | Video append frame 425
      CAM_B 425/450 frames (94%) 0.8 fps, about 1 min left
48:22.402  render           | Video append frame 426
48:23.656  render           | Video append frame 427
48:24.943  render           | Video append frame 428
48:26.201  render           | Video append frame 429
48:27.535  render           | Video append frame 430
48:28.807  render           | Video append frame 431
48:30.088  render           | Video append frame 432
48:31.359  render           | Video append frame 433
48:32.621  render           | Video append frame 434
48:33.901  render           | Video append frame 435
48:35.167  render           | Video append frame 436
48:36.601  render           | Video append frame 437
48:38.033  render           | Video append frame 438
48:39.335  render           | Video append frame 439
48:40.598  render           | Video append frame 440
48:41.852  render           | Video append frame 441
48:43.128  render           | Video append frame 442
48:44.435  render           | Video append frame 443
48:45.708  render           | Video append frame 444
48:46.987  render           | Video append frame 445
48:48.241  render           | Video append frame 446
48:49.514  render           | Video append frame 447
48:50.791  render           | Video append frame 448
48:52.036  render           | Video append frame 449
48:53.297  render           | Video append frame 450
      CAM_B 450/450 frames (100%) 0.8 fps, about 0 min left
    finished CAM_B
    rendering CAM_C (3/3) 450 frames
48:54.881  render           | Video append frame 1
48:56.364  render           | Video append frame 2
48:57.856  render           | Video append frame 3
48:59.345  render           | Video append frame 4
49:00.852  render           | Video append frame 5
49:02.332  render           | Video append frame 6
49:03.820  render           | Video append frame 7
49:05.285  render           | Video append frame 8
49:06.777  render           | Video append frame 9
49:08.254  render           | Video append frame 10
49:09.742  render           | Video append frame 11
49:11.219  render           | Video append frame 12
49:12.679  render           | Video append frame 13
49:14.158  render           | Video append frame 14
49:15.699  render           | Video append frame 15
49:17.168  render           | Video append frame 16
49:18.626  render           | Video append frame 17
49:20.086  render           | Video append frame 18
49:21.598  render           | Video append frame 19
49:23.109  render           | Video append frame 20
49:24.614  render           | Video append frame 21
49:26.091  render           | Video append frame 22
49:27.576  render           | Video append frame 23
49:29.070  render           | Video append frame 24
49:30.517  render           | Video append frame 25
      CAM_C 25/450 frames (5%) 0.7 fps, about 11 min left
49:31.973  render           | Video append frame 26
49:33.468  render           | Video append frame 27
49:34.963  render           | Video append frame 28
49:36.497  render           | Video append frame 29
49:37.921  render           | Video append frame 30
49:39.364  render           | Video append frame 31
49:40.824  render           | Video append frame 32
49:42.318  render           | Video append frame 33
49:43.793  render           | Video append frame 34
49:45.260  render           | Video append frame 35
49:46.741  render           | Video append frame 36
49:48.242  render           | Video append frame 37
49:49.667  render           | Video append frame 38
49:51.166  render           | Video append frame 39
49:52.667  render           | Video append frame 40
49:54.125  render           | Video append frame 41
49:55.585  render           | Video append frame 42
49:57.038  render           | Video append frame 43
49:58.497  render           | Video append frame 44
49:59.949  render           | Video append frame 45
50:01.407  render           | Video append frame 46
50:02.895  render           | Video append frame 47
50:04.354  render           | Video append frame 48
50:05.832  render           | Video append frame 49
50:07.297  render           | Video append frame 50
      CAM_C 50/450 frames (11%) 0.7 fps, about 10 min left
50:08.777  render           | Video append frame 51
50:10.276  render           | Video append frame 52
50:11.755  render           | Video append frame 53
50:13.285  render           | Video append frame 54
50:14.769  render           | Video append frame 55
50:16.284  render           | Video append frame 56
50:17.793  render           | Video append frame 57
50:19.301  render           | Video append frame 58
50:20.772  render           | Video append frame 59
50:22.249  render           | Video append frame 60
50:23.734  render           | Video append frame 61
50:25.206  render           | Video append frame 62
50:26.692  render           | Video append frame 63
50:28.201  render           | Video append frame 64
50:29.658  render           | Video append frame 65
50:31.139  render           | Video append frame 66
50:32.633  render           | Video append frame 67
50:34.120  render           | Video append frame 68
50:35.633  render           | Video append frame 69
50:37.158  render           | Video append frame 70
50:38.633  render           | Video append frame 71
50:40.089  render           | Video append frame 72
50:41.605  render           | Video append frame 73
50:43.060  render           | Video append frame 74
50:44.534  render           | Video append frame 75
      CAM_C 75/450 frames (16%) 0.7 fps, about 9 min left
50:46.015  render           | Video append frame 76
50:47.506  render           | Video append frame 77
50:48.979  render           | Video append frame 78
50:50.444  render           | Video append frame 79
50:51.922  render           | Video append frame 80
50:53.407  render           | Video append frame 81
50:54.890  render           | Video append frame 82
50:56.355  render           | Video append frame 83
50:57.840  render           | Video append frame 84
50:59.322  render           | Video append frame 85
51:00.814  render           | Video append frame 86
51:02.290  render           | Video append frame 87
51:03.818  render           | Video append frame 88
51:05.298  render           | Video append frame 89
51:06.774  render           | Video append frame 90
51:08.284  render           | Video append frame 91
51:10.024  render           | Video append frame 92
51:11.672  render           | Video append frame 93
51:13.064  render           | Video append frame 94
51:14.544  render           | Video append frame 95
51:16.073  render           | Video append frame 96
51:17.650  render           | Video append frame 97
51:19.090  render           | Video append frame 98
51:20.549  render           | Video append frame 99
51:22.066  render           | Video append frame 100
      CAM_C 100/450 frames (22%) 0.7 fps, about 9 min left
51:23.608  render           | Video append frame 101
51:25.114  render           | Video append frame 102
51:26.579  render           | Video append frame 103
51:28.148  render           | Video append frame 104
51:29.631  render           | Video append frame 105
51:31.127  render           | Video append frame 106
51:32.640  render           | Video append frame 107
51:34.118  render           | Video append frame 108
51:35.840  render           | Video append frame 109
51:37.455  render           | Video append frame 110
51:38.914  render           | Video append frame 111
51:40.393  render           | Video append frame 112
51:41.909  render           | Video append frame 113
51:43.409  render           | Video append frame 114
51:44.843  render           | Video append frame 115
51:46.287  render           | Video append frame 116
51:47.783  render           | Video append frame 117
51:49.237  render           | Video append frame 118
51:50.685  render           | Video append frame 119
51:52.149  render           | Video append frame 120
51:53.610  render           | Video append frame 121
51:55.082  render           | Video append frame 122
51:56.542  render           | Video append frame 123
51:58.042  render           | Video append frame 124
51:59.508  render           | Video append frame 125
      CAM_C 125/450 frames (27%) 0.7 fps, about 8 min left
52:01.088  render           | Video append frame 126
52:02.622  render           | Video append frame 127
52:04.208  render           | Video append frame 128
52:05.604  render           | Video append frame 129
52:07.068  render           | Video append frame 130
52:08.608  render           | Video append frame 131
52:10.075  render           | Video append frame 132
52:11.534  render           | Video append frame 133
52:13.043  render           | Video append frame 134
52:14.521  render           | Video append frame 135
52:15.986  render           | Video append frame 136
52:17.487  render           | Video append frame 137
52:18.973  render           | Video append frame 138
52:20.456  render           | Video append frame 139
52:21.942  render           | Video append frame 140
52:23.435  render           | Video append frame 141
52:24.933  render           | Video append frame 142
52:26.380  render           | Video append frame 143
52:27.908  render           | Video append frame 144
52:29.384  render           | Video append frame 145
52:30.893  render           | Video append frame 146
52:32.367  render           | Video append frame 147
52:33.823  render           | Video append frame 148
52:35.304  render           | Video append frame 149
52:36.782  render           | Video append frame 150
      CAM_C 150/450 frames (33%) 0.7 fps, about 7 min left
52:38.267  render           | Video append frame 151
52:39.763  render           | Video append frame 152
52:41.228  render           | Video append frame 153
52:42.738  render           | Video append frame 154
52:44.202  render           | Video append frame 155
52:45.668  render           | Video append frame 156
52:47.128  render           | Video append frame 157
52:48.636  render           | Video append frame 158
52:50.118  render           | Video append frame 159
52:51.643  render           | Video append frame 160
52:53.387  render           | Video append frame 161
52:54.935  render           | Video append frame 162
52:56.401  render           | Video append frame 163
52:57.870  render           | Video append frame 164
52:59.348  render           | Video append frame 165
53:00.830  render           | Video append frame 166
53:02.331  render           | Video append frame 167
53:03.789  render           | Video append frame 168
53:05.271  render           | Video append frame 169
53:06.772  render           | Video append frame 170
53:08.288  render           | Video append frame 171
53:09.739  render           | Video append frame 172
53:11.198  render           | Video append frame 173
53:12.695  render           | Video append frame 174
53:14.204  render           | Video append frame 175
      CAM_C 175/450 frames (38%) 0.7 fps, about 7 min left
53:15.693  render           | Video append frame 176
53:17.167  render           | Video append frame 177
53:18.652  render           | Video append frame 178
53:20.125  render           | Video append frame 179
53:21.612  render           | Video append frame 180
53:23.119  render           | Video append frame 181
53:24.639  render           | Video append frame 182
53:26.123  render           | Video append frame 183
53:27.656  render           | Video append frame 184
53:29.130  render           | Video append frame 185
53:30.597  render           | Video append frame 186
53:32.112  render           | Video append frame 187
53:33.573  render           | Video append frame 188
53:35.082  render           | Video append frame 189
53:36.559  render           | Video append frame 190
53:38.035  render           | Video append frame 191
53:39.534  render           | Video append frame 192
53:41.028  render           | Video append frame 193
53:42.540  render           | Video append frame 194
53:44.036  render           | Video append frame 195
53:45.497  render           | Video append frame 196
53:46.983  render           | Video append frame 197
53:48.505  render           | Video append frame 198
53:50.015  render           | Video append frame 199
53:51.512  render           | Video append frame 200
      CAM_C 200/450 frames (44%) 0.7 fps, about 6 min left
53:53.027  render           | Video append frame 201
53:54.623  render           | Video append frame 202
53:56.110  render           | Video append frame 203
53:57.597  render           | Video append frame 204
53:59.148  render           | Video append frame 205
54:00.620  render           | Video append frame 206
54:02.080  render           | Video append frame 207
54:03.671  render           | Video append frame 208
54:05.266  render           | Video append frame 209
54:06.698  render           | Video append frame 210
54:08.153  render           | Video append frame 211
54:09.645  render           | Video append frame 212
54:11.113  render           | Video append frame 213
54:12.574  render           | Video append frame 214
54:14.043  render           | Video append frame 215
54:15.514  render           | Video append frame 216
54:16.976  render           | Video append frame 217
54:18.464  render           | Video append frame 218
54:19.939  render           | Video append frame 219
54:21.444  render           | Video append frame 220
54:22.908  render           | Video append frame 221
54:24.414  render           | Video append frame 222
54:25.891  render           | Video append frame 223
54:27.395  render           | Video append frame 224
54:28.874  render           | Video append frame 225
      CAM_C 225/450 frames (50%) 0.7 fps, about 6 min left
54:30.481  render           | Video append frame 226
54:31.992  render           | Video append frame 227
54:33.439  render           | Video append frame 228
54:34.918  render           | Video append frame 229
54:36.495  render           | Video append frame 230
54:37.913  render           | Video append frame 231
54:39.398  render           | Video append frame 232
54:40.939  render           | Video append frame 233
54:42.419  render           | Video append frame 234
54:43.900  render           | Video append frame 235
54:45.391  render           | Video append frame 236
54:46.864  render           | Video append frame 237
54:48.373  render           | Video append frame 238
54:49.836  render           | Video append frame 239
54:51.310  render           | Video append frame 240
54:52.772  render           | Video append frame 241
54:54.282  render           | Video append frame 242
54:55.749  render           | Video append frame 243
54:57.235  render           | Video append frame 244
54:58.695  render           | Video append frame 245
55:00.173  render           | Video append frame 246
55:01.642  render           | Video append frame 247
55:03.105  render           | Video append frame 248
55:04.592  render           | Video append frame 249
55:06.054  render           | Video append frame 250
      CAM_C 250/450 frames (55%) 0.7 fps, about 5 min left
55:07.528  render           | Video append frame 251
55:09.018  render           | Video append frame 252
55:10.508  render           | Video append frame 253
55:11.976  render           | Video append frame 254
55:13.457  render           | Video append frame 255
55:14.939  render           | Video append frame 256
55:16.461  render           | Video append frame 257
55:17.923  render           | Video append frame 258
55:19.456  render           | Video append frame 259
55:20.936  render           | Video append frame 260
55:22.653  render           | Video append frame 261
55:24.360  render           | Video append frame 262
55:25.785  render           | Video append frame 263
55:27.325  render           | Video append frame 264
55:29.054  render           | Video append frame 265
55:30.720  render           | Video append frame 266
55:32.167  render           | Video append frame 267
55:33.691  render           | Video append frame 268
55:35.153  render           | Video append frame 269
55:36.594  render           | Video append frame 270
55:38.038  render           | Video append frame 271
55:39.538  render           | Video append frame 272
55:40.990  render           | Video append frame 273
55:42.431  render           | Video append frame 274
55:43.881  render           | Video append frame 275
      CAM_C 275/450 frames (61%) 0.7 fps, about 4 min left
55:45.341  render           | Video append frame 276
55:46.799  render           | Video append frame 277
55:48.258  render           | Video append frame 278
55:49.712  render           | Video append frame 279
55:51.156  render           | Video append frame 280
55:52.605  render           | Video append frame 281
55:54.060  render           | Video append frame 282
55:55.507  render           | Video append frame 283
55:57.033  render           | Video append frame 284
55:58.468  render           | Video append frame 285
55:59.954  render           | Video append frame 286
56:01.371  render           | Video append frame 287
56:02.822  render           | Video append frame 288
56:04.314  render           | Video append frame 289
56:05.797  render           | Video append frame 290
56:07.211  render           | Video append frame 291
56:08.709  render           | Video append frame 292
56:10.251  render           | Video append frame 293
56:11.690  render           | Video append frame 294
56:13.089  render           | Video append frame 295
56:14.528  render           | Video append frame 296
56:16.016  render           | Video append frame 297
56:17.465  render           | Video append frame 298
56:18.887  render           | Video append frame 299
56:20.338  render           | Video append frame 300
      CAM_C 300/450 frames (66%) 0.7 fps, about 4 min left
56:21.838  render           | Video append frame 301
56:23.234  render           | Video append frame 302
56:24.742  render           | Video append frame 303
56:26.173  render           | Video append frame 304
56:27.664  render           | Video append frame 305
56:29.110  render           | Video append frame 306
56:30.671  render           | Video append frame 307
56:32.129  render           | Video append frame 308
56:33.556  render           | Video append frame 309
56:35.042  render           | Video append frame 310
56:36.483  render           | Video append frame 311
56:37.980  render           | Video append frame 312
56:39.462  render           | Video append frame 313
56:40.899  render           | Video append frame 314
56:42.398  render           | Video append frame 315
56:43.960  render           | Video append frame 316
56:45.447  render           | Video append frame 317
56:46.886  render           | Video append frame 318
56:48.285  render           | Video append frame 319
56:49.867  render           | Video append frame 320
56:51.375  render           | Video append frame 321
56:52.846  render           | Video append frame 322
56:54.285  render           | Video append frame 323
56:55.751  render           | Video append frame 324
56:57.201  render           | Video append frame 325
      CAM_C 325/450 frames (72%) 0.7 fps, about 3 min left
56:58.609  render           | Video append frame 326
57:00.021  render           | Video append frame 327
57:01.468  render           | Video append frame 328
57:02.911  render           | Video append frame 329
57:04.330  render           | Video append frame 330
57:05.750  render           | Video append frame 331
57:07.160  render           | Video append frame 332
57:08.583  render           | Video append frame 333
57:10.000  render           | Video append frame 334
57:11.474  render           | Video append frame 335
57:13.468  render           | Video append frame 336
57:14.893  render           | Video append frame 337
57:16.302  render           | Video append frame 338
57:17.821  render           | Video append frame 339
57:19.239  render           | Video append frame 340
57:20.814  render           | Video append frame 341
57:22.404  render           | Video append frame 342
57:23.814  render           | Video append frame 343
57:25.237  render           | Video append frame 344
57:26.630  render           | Video append frame 345
57:28.093  render           | Video append frame 346
57:29.496  render           | Video append frame 347
57:30.913  render           | Video append frame 348
57:32.361  render           | Video append frame 349
57:33.763  render           | Video append frame 350
      CAM_C 350/450 frames (77%) 0.7 fps, about 2 min left
57:35.174  render           | Video append frame 351
57:36.570  render           | Video append frame 352
57:37.992  render           | Video append frame 353
57:39.400  render           | Video append frame 354
57:40.826  render           | Video append frame 355
57:42.224  render           | Video append frame 356
57:43.623  render           | Video append frame 357
57:45.027  render           | Video append frame 358
57:46.439  render           | Video append frame 359
57:47.860  render           | Video append frame 360
57:49.239  render           | Video append frame 361
57:50.629  render           | Video append frame 362
57:52.024  render           | Video append frame 363
57:53.412  render           | Video append frame 364
57:54.811  render           | Video append frame 365
57:56.203  render           | Video append frame 366
57:57.589  render           | Video append frame 367
57:58.974  render           | Video append frame 368
58:00.360  render           | Video append frame 369
58:01.746  render           | Video append frame 370
58:03.153  render           | Video append frame 371
58:04.588  render           | Video append frame 372
58:05.963  render           | Video append frame 373
58:07.341  render           | Video append frame 374
58:08.715  render           | Video append frame 375
      CAM_C 375/450 frames (83%) 0.7 fps, about 2 min left
58:10.126  render           | Video append frame 376
58:11.501  render           | Video append frame 377
58:12.893  render           | Video append frame 378
58:14.272  render           | Video append frame 379
58:15.660  render           | Video append frame 380
58:17.049  render           | Video append frame 381
58:18.421  render           | Video append frame 382
58:19.803  render           | Video append frame 383
58:21.184  render           | Video append frame 384
58:51.407  render           | Video append frame 385
58:52.705  render           | Video append frame 386
58:55.509  render           | Video append frame 387
58:58.923  render           | Video append frame 388
01:14:09.385  render           | Video append frame 389
01:14:10.664  render           | Video append frame 390
01:14:12.215  render           | Video append frame 391
01:14:15.598  render           | Video append frame 392
01:14:17.580  render           | Video append frame 393
01:14:19.736  render           | Video append frame 394
01:14:21.866  render           | Video append frame 395
01:14:23.953  render           | Video append frame 396
01:14:26.076  render           | Video append frame 397
01:14:28.197  render           | Video append frame 398
01:14:30.307  render           | Video append frame 399
01:14:32.436  render           | Video append frame 400
      CAM_C 400/450 frames (88%) 0.3 fps, about 3 min left
01:14:34.522  render           | Video append frame 401
01:14:36.644  render           | Video append frame 402
01:14:38.786  render           | Video append frame 403
01:14:40.842  render           | Video append frame 404
01:14:42.949  render           | Video append frame 405
01:14:45.072  render           | Video append frame 406
01:14:47.187  render           | Video append frame 407
01:14:49.274  render           | Video append frame 408
01:14:51.394  render           | Video append frame 409
01:14:53.529  render           | Video append frame 410
01:14:55.636  render           | Video append frame 411
01:15:02.989  render           | Video append frame 412
01:15:05.100  render           | Video append frame 413
01:15:07.255  render           | Video append frame 414
01:15:09.370  render           | Video append frame 415
01:15:11.490  render           | Video append frame 416
01:15:13.616  render           | Video append frame 417
01:15:15.753  render           | Video append frame 418
01:15:17.882  render           | Video append frame 419
01:15:19.990  render           | Video append frame 420
01:15:22.101  render           | Video append frame 421
01:15:24.227  render           | Video append frame 422
01:15:26.331  render           | Video append frame 423
01:15:28.464  render           | Video append frame 424
01:15:30.560  render           | Video append frame 425
      CAM_C 425/450 frames (94%) 0.3 fps, about 2 min left
01:15:32.703  render           | Video append frame 426
01:15:34.829  render           | Video append frame 427
01:15:36.932  render           | Video append frame 428
01:15:39.064  render           | Video append frame 429
01:15:41.181  render           | Video append frame 430
01:15:43.295  render           | Video append frame 431
01:15:45.401  render           | Video append frame 432
01:16:55.609  render           | Video append frame 433
01:16:57.440  render           | Video append frame 434
01:16:58.747  render           | Video append frame 435
01:17:00.037  render           | Video append frame 436
01:17:01.319  render           | Video append frame 437
01:17:02.570  render           | Video append frame 438
01:17:03.855  render           | Video append frame 439
01:17:05.149  render           | Video append frame 440
01:17:06.451  render           | Video append frame 441
01:17:07.714  render           | Video append frame 442
01:17:09.004  render           | Video append frame 443
01:17:10.296  render           | Video append frame 444
01:17:11.569  render           | Video append frame 445
01:17:12.916  render           | Video append frame 446
01:17:14.234  render           | Video append frame 447
01:17:15.517  render           | Video append frame 448
01:17:16.787  render           | Video append frame 449
01:17:18.069  render           | Video append frame 450
      CAM_C 450/450 frames (100%) 0.3 fps, about 0 min left
    finished CAM_C
  observations : 1893
  events       : 11
  written to   : /Users/adityasingh/codes/Rewind/data/samples/case_02

[3/6] case_03 — ESTOP_CROSSCAM (450 frames)
    frame 0/450  observations 3
    frame 50/450  observations 196
    frame 100/450  observations 519
    frame 150/450  observations 880
    frame 200/450  observations 1182
    frame 250/450  observations 1482
    frame 300/450  observations 1765
    frame 350/450  observations 2015
    frame 400/450  observations 2265
    rendering CAM_A (1/3) 450 frames
01:17:25.718  render           | Video append frame 1
01:17:26.919  render           | Video append frame 2
01:17:28.133  render           | Video append frame 3
01:17:29.341  render           | Video append frame 4
01:17:30.548  render           | Video append frame 5
01:17:31.739  render           | Video append frame 6
01:17:32.949  render           | Video append frame 7
01:17:34.155  render           | Video append frame 8
01:17:35.346  render           | Video append frame 9
01:17:36.536  render           | Video append frame 10
01:17:37.738  render           | Video append frame 11
01:17:38.927  render           | Video append frame 12
01:17:40.142  render           | Video append frame 13
01:17:41.331  render           | Video append frame 14
01:17:42.527  render           | Video append frame 15
01:17:43.721  render           | Video append frame 16
01:17:44.913  render           | Video append frame 17
01:17:46.097  render           | Video append frame 18
01:17:47.295  render           | Video append frame 19
01:17:48.486  render           | Video append frame 20
01:17:49.675  render           | Video append frame 21
01:17:50.864  render           | Video append frame 22
01:17:52.087  render           | Video append frame 23
01:17:53.287  render           | Video append frame 24
01:17:54.479  render           | Video append frame 25
      CAM_A 25/450 frames (5%) 0.8 fps, about 8 min left
01:17:55.681  render           | Video append frame 26
01:17:56.868  render           | Video append frame 27
01:17:58.057  render           | Video append frame 28
01:17:59.254  render           | Video append frame 29
01:18:00.446  render           | Video append frame 30
01:18:01.635  render           | Video append frame 31
01:18:02.829  render           | Video append frame 32
01:18:04.012  render           | Video append frame 33
01:18:05.216  render           | Video append frame 34
01:18:06.403  render           | Video append frame 35
01:18:07.597  render           | Video append frame 36
01:18:08.794  render           | Video append frame 37
01:18:09.988  render           | Video append frame 38
01:18:11.186  render           | Video append frame 39
01:18:12.384  render           | Video append frame 40
01:18:13.578  render           | Video append frame 41
01:18:14.761  render           | Video append frame 42
01:18:15.960  render           | Video append frame 43
01:18:17.156  render           | Video append frame 44
01:18:18.366  render           | Video append frame 45
01:18:19.550  render           | Video append frame 46
01:18:20.762  render           | Video append frame 47
01:18:21.958  render           | Video append frame 48
01:18:23.154  render           | Video append frame 49
01:18:24.345  render           | Video append frame 50
      CAM_A 50/450 frames (11%) 0.8 fps, about 8 min left
01:18:25.552  render           | Video append frame 51
01:18:26.743  render           | Video append frame 52
01:18:27.935  render           | Video append frame 53
01:18:29.119  render           | Video append frame 54
01:18:30.308  render           | Video append frame 55
01:18:31.512  render           | Video append frame 56
01:18:32.710  render           | Video append frame 57
01:18:33.895  render           | Video append frame 58
01:18:35.097  render           | Video append frame 59
01:18:36.291  render           | Video append frame 60
01:18:37.485  render           | Video append frame 61
01:18:38.672  render           | Video append frame 62
01:18:39.858  render           | Video append frame 63
01:18:41.056  render           | Video append frame 64
01:18:42.243  render           | Video append frame 65
01:18:43.440  render           | Video append frame 66
01:18:44.622  render           | Video append frame 67
01:18:45.817  render           | Video append frame 68
01:18:47.001  render           | Video append frame 69
01:18:48.184  render           | Video append frame 70
01:18:49.376  render           | Video append frame 71
01:18:50.570  render           | Video append frame 72
01:18:51.762  render           | Video append frame 73
01:18:52.948  render           | Video append frame 74
01:18:54.145  render           | Video append frame 75
      CAM_A 75/450 frames (16%) 0.8 fps, about 7 min left
01:18:55.341  render           | Video append frame 76
01:18:56.526  render           | Video append frame 77
01:18:57.720  render           | Video append frame 78
01:18:58.913  render           | Video append frame 79
01:19:00.103  render           | Video append frame 80
01:19:01.298  render           | Video append frame 81
01:19:02.485  render           | Video append frame 82
01:19:03.679  render           | Video append frame 83
01:19:04.869  render           | Video append frame 84
01:19:06.058  render           | Video append frame 85
01:19:07.245  render           | Video append frame 86
01:19:08.440  render           | Video append frame 87
01:19:09.634  render           | Video append frame 88
01:19:10.826  render           | Video append frame 89
01:19:12.019  render           | Video append frame 90
01:19:13.229  render           | Video append frame 91
01:19:14.419  render           | Video append frame 92
01:19:15.612  render           | Video append frame 93
01:19:16.799  render           | Video append frame 94
01:19:18.000  render           | Video append frame 95
01:19:19.200  render           | Video append frame 96
01:19:20.395  render           | Video append frame 97
01:19:21.586  render           | Video append frame 98
01:19:22.780  render           | Video append frame 99
01:19:23.963  render           | Video append frame 100
      CAM_A 100/450 frames (22%) 0.8 fps, about 7 min left
01:19:25.162  render           | Video append frame 101
01:19:26.363  render           | Video append frame 102
01:19:27.575  render           | Video append frame 103
01:19:28.771  render           | Video append frame 104
01:19:29.956  render           | Video append frame 105
01:19:31.143  render           | Video append frame 106
01:19:32.336  render           | Video append frame 107
01:19:33.533  render           | Video append frame 108
01:19:34.742  render           | Video append frame 109
01:19:35.922  render           | Video append frame 110
01:19:37.120  render           | Video append frame 111
01:19:38.311  render           | Video append frame 112
01:19:39.493  render           | Video append frame 113
01:19:40.686  render           | Video append frame 114
01:19:41.882  render           | Video append frame 115
01:19:43.073  render           | Video append frame 116
01:19:44.278  render           | Video append frame 117
01:19:45.474  render           | Video append frame 118
01:19:46.663  render           | Video append frame 119
01:19:47.847  render           | Video append frame 120
01:19:49.036  render           | Video append frame 121
01:19:50.223  render           | Video append frame 122
01:19:51.422  render           | Video append frame 123
01:19:52.614  render           | Video append frame 124
01:19:53.799  render           | Video append frame 125
      CAM_A 125/450 frames (27%) 0.8 fps, about 6 min left
01:19:54.990  render           | Video append frame 126
01:19:56.235  render           | Video append frame 127
01:19:57.438  render           | Video append frame 128
01:19:58.625  render           | Video append frame 129
01:19:59.828  render           | Video append frame 130
01:20:01.041  render           | Video append frame 131
01:20:02.244  render           | Video append frame 132
01:20:03.458  render           | Video append frame 133
01:20:04.646  render           | Video append frame 134
01:20:05.830  render           | Video append frame 135
01:20:07.034  render           | Video append frame 136
01:20:08.218  render           | Video append frame 137
01:20:09.428  render           | Video append frame 138
01:20:10.646  render           | Video append frame 139
01:20:11.855  render           | Video append frame 140
01:20:13.051  render           | Video append frame 141
01:20:14.253  render           | Video append frame 142
01:20:15.440  render           | Video append frame 143
01:20:16.627  render           | Video append frame 144
01:20:17.812  render           | Video append frame 145
01:20:19.016  render           | Video append frame 146
01:20:20.219  render           | Video append frame 147
01:20:21.421  render           | Video append frame 148
01:20:22.608  render           | Video append frame 149
01:20:23.798  render           | Video append frame 150
      CAM_A 150/450 frames (33%) 0.8 fps, about 6 min left
01:20:24.991  render           | Video append frame 151
01:20:26.198  render           | Video append frame 152
01:20:27.406  render           | Video append frame 153
01:20:28.597  render           | Video append frame 154
01:20:29.802  render           | Video append frame 155
01:20:30.983  render           | Video append frame 156
01:20:32.180  render           | Video append frame 157
01:20:33.373  render           | Video append frame 158
01:20:34.562  render           | Video append frame 159
01:20:35.751  render           | Video append frame 160
01:20:36.954  render           | Video append frame 161
01:20:38.153  render           | Video append frame 162
01:20:39.367  render           | Video append frame 163
01:20:40.566  render           | Video append frame 164
01:20:41.757  render           | Video append frame 165
01:20:42.941  render           | Video append frame 166
01:20:44.145  render           | Video append frame 167
01:20:45.348  render           | Video append frame 168
01:20:46.563  render           | Video append frame 169
01:20:47.767  render           | Video append frame 170
01:20:48.947  render           | Video append frame 171
01:20:50.150  render           | Video append frame 172
01:20:51.343  render           | Video append frame 173
01:20:52.549  render           | Video append frame 174
01:20:53.733  render           | Video append frame 175
      CAM_A 175/450 frames (38%) 0.8 fps, about 5 min left
01:20:54.948  render           | Video append frame 176
01:20:56.156  render           | Video append frame 177
01:20:57.348  render           | Video append frame 178
01:20:58.537  render           | Video append frame 179
01:20:59.722  render           | Video append frame 180
01:21:00.905  render           | Video append frame 181
01:21:02.108  render           | Video append frame 182
01:21:03.294  render           | Video append frame 183
01:21:04.492  render           | Video append frame 184
01:21:05.697  render           | Video append frame 185
01:21:06.890  render           | Video append frame 186
01:21:08.088  render           | Video append frame 187
01:21:09.291  render           | Video append frame 188
01:21:10.487  render           | Video append frame 189
01:21:11.673  render           | Video append frame 190
01:21:12.880  render           | Video append frame 191
01:21:14.073  render           | Video append frame 192
01:21:15.267  render           | Video append frame 193
01:21:16.462  render           | Video append frame 194
01:21:17.664  render           | Video append frame 195
01:21:18.854  render           | Video append frame 196
01:21:20.055  render           | Video append frame 197
01:21:21.258  render           | Video append frame 198
01:21:22.463  render           | Video append frame 199
01:21:23.667  render           | Video append frame 200
      CAM_A 200/450 frames (44%) 0.8 fps, about 5 min left
01:21:24.853  render           | Video append frame 201
01:21:26.036  render           | Video append frame 202
01:21:27.224  render           | Video append frame 203
01:21:28.418  render           | Video append frame 204
01:21:29.625  render           | Video append frame 205
01:21:30.818  render           | Video append frame 206
01:21:32.029  render           | Video append frame 207
01:21:33.225  render           | Video append frame 208
01:21:34.433  render           | Video append frame 209
01:21:35.623  render           | Video append frame 210
01:21:36.812  render           | Video append frame 211
01:21:37.991  render           | Video append frame 212
01:21:39.178  render           | Video append frame 213
01:21:40.393  render           | Video append frame 214
01:21:41.597  render           | Video append frame 215
01:21:42.791  render           | Video append frame 216
01:21:43.972  render           | Video append frame 217
01:21:45.169  render           | Video append frame 218
01:21:46.376  render           | Video append frame 219
01:21:47.581  render           | Video append frame 220
01:21:48.801  render           | Video append frame 221
01:21:49.987  render           | Video append frame 222
01:21:51.197  render           | Video append frame 223
01:21:52.395  render           | Video append frame 224
01:21:53.583  render           | Video append frame 225
      CAM_A 225/450 frames (50%) 0.8 fps, about 4 min left
01:21:54.770  render           | Video append frame 226
01:21:55.984  render           | Video append frame 227
01:21:57.195  render           | Video append frame 228
01:21:58.398  render           | Video append frame 229
01:21:59.588  render           | Video append frame 230
01:22:00.796  render           | Video append frame 231
01:22:01.995  render           | Video append frame 232
01:22:03.200  render           | Video append frame 233
01:22:04.388  render           | Video append frame 234
01:22:05.600  render           | Video append frame 235
01:22:06.789  render           | Video append frame 236
01:22:07.973  render           | Video append frame 237
01:22:09.171  render           | Video append frame 238
01:22:10.375  render           | Video append frame 239
01:22:11.566  render           | Video append frame 240
01:22:12.763  render           | Video append frame 241
01:22:13.956  render           | Video append frame 242
01:22:15.139  render           | Video append frame 243
01:22:16.331  render           | Video append frame 244
01:22:17.542  render           | Video append frame 245
01:22:18.734  render           | Video append frame 246
01:22:19.955  render           | Video append frame 247
01:22:21.151  render           | Video append frame 248
01:22:22.359  render           | Video append frame 249
01:22:23.572  render           | Video append frame 250
      CAM_A 250/450 frames (55%) 0.8 fps, about 4 min left
01:22:24.769  render           | Video append frame 251
01:22:25.963  render           | Video append frame 252
01:22:27.156  render           | Video append frame 253
01:22:28.359  render           | Video append frame 254
01:22:29.567  render           | Video append frame 255
01:22:30.766  render           | Video append frame 256
01:22:31.955  render           | Video append frame 257
01:22:33.168  render           | Video append frame 258
01:22:34.362  render           | Video append frame 259
01:22:35.563  render           | Video append frame 260
01:22:36.754  render           | Video append frame 261
01:22:37.942  render           | Video append frame 262
01:22:39.138  render           | Video append frame 263
01:22:40.338  render           | Video append frame 264
01:22:41.536  render           | Video append frame 265
01:22:42.740  render           | Video append frame 266
01:22:43.938  render           | Video append frame 267
01:22:45.138  render           | Video append frame 268
01:22:46.318  render           | Video append frame 269
01:22:47.511  render           | Video append frame 270
01:22:48.700  render           | Video append frame 271
01:22:49.874  render           | Video append frame 272
01:22:51.078  render           | Video append frame 273
01:22:52.249  render           | Video append frame 274
01:22:53.435  render           | Video append frame 275
      CAM_A 275/450 frames (61%) 0.8 fps, about 3 min left
01:22:54.627  render           | Video append frame 276
01:22:55.806  render           | Video append frame 277
01:22:56.977  render           | Video append frame 278
01:22:58.164  render           | Video append frame 279
01:22:59.344  render           | Video append frame 280
01:23:00.548  render           | Video append frame 281
01:23:01.727  render           | Video append frame 282
01:23:02.933  render           | Video append frame 283
01:23:04.113  render           | Video append frame 284
01:23:05.280  render           | Video append frame 285
01:23:06.450  render           | Video append frame 286
01:23:07.630  render           | Video append frame 287
01:23:08.813  render           | Video append frame 288
01:23:09.982  render           | Video append frame 289
01:23:11.160  render           | Video append frame 290
01:23:12.347  render           | Video append frame 291
01:23:13.528  render           | Video append frame 292
01:23:14.714  render           | Video append frame 293
01:23:15.891  render           | Video append frame 294
01:23:17.077  render           | Video append frame 295
01:23:18.270  render           | Video append frame 296
01:23:19.445  render           | Video append frame 297
01:23:20.625  render           | Video append frame 298
01:23:21.813  render           | Video append frame 299
01:23:22.996  render           | Video append frame 300
      CAM_A 300/450 frames (66%) 0.8 fps, about 3 min left
01:23:24.177  render           | Video append frame 301
01:23:25.357  render           | Video append frame 302
01:23:26.542  render           | Video append frame 303
01:23:27.733  render           | Video append frame 304
01:23:28.931  render           | Video append frame 305
01:23:30.141  render           | Video append frame 306
01:23:31.348  render           | Video append frame 307
01:23:32.521  render           | Video append frame 308
01:23:33.705  render           | Video append frame 309
01:23:34.859  render           | Video append frame 310
01:23:36.046  render           | Video append frame 311
01:23:37.245  render           | Video append frame 312
01:23:38.432  render           | Video append frame 313
01:23:39.611  render           | Video append frame 314
01:23:40.787  render           | Video append frame 315
01:23:41.990  render           | Video append frame 316
01:23:43.172  render           | Video append frame 317
01:23:44.351  render           | Video append frame 318
01:23:45.529  render           | Video append frame 319
01:23:46.711  render           | Video append frame 320
01:23:47.896  render           | Video append frame 321
01:23:49.082  render           | Video append frame 322
01:23:50.275  render           | Video append frame 323
01:23:51.454  render           | Video append frame 324
01:23:52.641  render           | Video append frame 325
      CAM_A 325/450 frames (72%) 0.8 fps, about 2 min left
01:23:53.833  render           | Video append frame 326
01:23:55.028  render           | Video append frame 327
01:23:56.246  render           | Video append frame 328
01:23:57.422  render           | Video append frame 329
01:23:58.603  render           | Video append frame 330
01:23:59.780  render           | Video append frame 331
01:24:00.961  render           | Video append frame 332
01:24:02.148  render           | Video append frame 333
01:24:03.345  render           | Video append frame 334
01:24:04.519  render           | Video append frame 335
01:24:05.703  render           | Video append frame 336
01:24:06.896  render           | Video append frame 337
01:24:08.065  render           | Video append frame 338
01:24:09.236  render           | Video append frame 339
01:24:10.412  render           | Video append frame 340
01:24:11.613  render           | Video append frame 341
01:24:12.815  render           | Video append frame 342
01:24:13.990  render           | Video append frame 343
01:24:15.165  render           | Video append frame 344
01:24:16.344  render           | Video append frame 345
01:24:17.533  render           | Video append frame 346
01:24:18.717  render           | Video append frame 347
01:24:19.892  render           | Video append frame 348
01:24:21.082  render           | Video append frame 349
01:24:22.276  render           | Video append frame 350
      CAM_A 350/450 frames (77%) 0.8 fps, about 2 min left
01:24:23.480  render           | Video append frame 351
01:24:24.679  render           | Video append frame 352
01:24:25.870  render           | Video append frame 353
01:24:27.057  render           | Video append frame 354
01:24:28.241  render           | Video append frame 355
01:24:29.415  render           | Video append frame 356
01:24:30.610  render           | Video append frame 357
01:24:31.801  render           | Video append frame 358
01:24:32.980  render           | Video append frame 359
01:24:34.160  render           | Video append frame 360
01:24:35.339  render           | Video append frame 361
01:24:36.526  render           | Video append frame 362
01:24:37.715  render           | Video append frame 363
01:24:38.903  render           | Video append frame 364
01:24:40.081  render           | Video append frame 365
01:24:41.240  render           | Video append frame 366
01:24:42.390  render           | Video append frame 367
01:24:43.590  render           | Video append frame 368
01:24:44.792  render           | Video append frame 369
01:24:45.930  render           | Video append frame 370
01:24:47.078  render           | Video append frame 371
01:24:48.257  render           | Video append frame 372
01:24:49.412  render           | Video append frame 373
01:24:50.564  render           | Video append frame 374
01:24:51.757  render           | Video append frame 375
      CAM_A 375/450 frames (83%) 0.8 fps, about 1 min left
01:24:52.960  render           | Video append frame 376
01:24:54.128  render           | Video append frame 377
01:24:55.328  render           | Video append frame 378
01:24:56.530  render           | Video append frame 379
01:24:57.684  render           | Video append frame 380
01:24:58.974  render           | Video append frame 381
01:25:00.284  render           | Video append frame 382
01:25:01.589  render           | Video append frame 383
01:25:02.908  render           | Video append frame 384
01:25:04.196  render           | Video append frame 385
01:25:05.489  render           | Video append frame 386
01:25:06.801  render           | Video append frame 387
01:25:08.100  render           | Video append frame 388
01:25:09.401  render           | Video append frame 389
01:25:10.716  render           | Video append frame 390
01:25:12.002  render           | Video append frame 391
01:25:13.204  render           | Video append frame 392
01:25:14.394  render           | Video append frame 393
01:25:15.596  render           | Video append frame 394
01:25:16.790  render           | Video append frame 395
01:25:17.984  render           | Video append frame 396
01:25:19.174  render           | Video append frame 397
01:25:20.361  render           | Video append frame 398
01:25:21.580  render           | Video append frame 399
01:25:22.781  render           | Video append frame 400
      CAM_A 400/450 frames (88%) 0.8 fps, about 1 min left
01:25:23.998  render           | Video append frame 401
01:25:25.190  render           | Video append frame 402
01:25:26.378  render           | Video append frame 403
01:25:27.587  render           | Video append frame 404
01:25:28.784  render           | Video append frame 405
01:25:29.978  render           | Video append frame 406
01:25:31.165  render           | Video append frame 407
01:25:32.347  render           | Video append frame 408
01:25:33.535  render           | Video append frame 409
01:25:34.732  render           | Video append frame 410
01:25:35.929  render           | Video append frame 411
01:25:37.139  render           | Video append frame 412
01:25:38.328  render           | Video append frame 413
01:25:39.514  render           | Video append frame 414
01:25:40.705  render           | Video append frame 415
01:25:41.918  render           | Video append frame 416
01:25:43.108  render           | Video append frame 417
01:25:44.294  render           | Video append frame 418
01:25:45.520  render           | Video append frame 419
01:25:46.733  render           | Video append frame 420
01:25:47.926  render           | Video append frame 421
01:25:49.123  render           | Video append frame 422
01:25:50.307  render           | Video append frame 423
01:25:51.506  render           | Video append frame 424
01:25:52.705  render           | Video append frame 425
      CAM_A 425/450 frames (94%) 0.8 fps, about 0 min left
01:25:53.900  render           | Video append frame 426
01:25:55.101  render           | Video append frame 427
01:25:56.315  render           | Video append frame 428
01:25:57.533  render           | Video append frame 429
01:25:58.741  render           | Video append frame 430
01:25:59.948  render           | Video append frame 431
01:26:01.145  render           | Video append frame 432
01:26:02.345  render           | Video append frame 433
01:26:03.531  render           | Video append frame 434
01:26:04.763  render           | Video append frame 435
01:26:05.962  render           | Video append frame 436
01:26:07.152  render           | Video append frame 437
01:26:08.336  render           | Video append frame 438
01:26:09.538  render           | Video append frame 439
01:26:10.745  render           | Video append frame 440
01:26:11.942  render           | Video append frame 441
01:26:13.155  render           | Video append frame 442
01:26:14.341  render           | Video append frame 443
01:26:15.522  render           | Video append frame 444
01:26:16.717  render           | Video append frame 445
01:26:17.937  render           | Video append frame 446
01:26:19.140  render           | Video append frame 447
01:26:20.325  render           | Video append frame 448
01:26:21.535  render           | Video append frame 449
01:26:22.719  render           | Video append frame 450
      CAM_A 450/450 frames (100%) 0.8 fps, about 0 min left
    finished CAM_A
    rendering CAM_B (2/3) 450 frames
01:26:23.883  render           | Video append frame 1
01:26:25.027  render           | Video append frame 2
01:26:26.136  render           | Video append frame 3
01:26:27.259  render           | Video append frame 4
01:26:28.367  render           | Video append frame 5
01:26:29.493  render           | Video append frame 6
01:26:30.647  render           | Video append frame 7
01:26:31.778  render           | Video append frame 8
01:26:32.925  render           | Video append frame 9
01:26:34.057  render           | Video append frame 10
01:26:35.181  render           | Video append frame 11
01:26:36.297  render           | Video append frame 12
01:26:37.444  render           | Video append frame 13
01:26:38.556  render           | Video append frame 14
01:26:39.713  render           | Video append frame 15
01:26:40.854  render           | Video append frame 16
01:26:41.984  render           | Video append frame 17
01:26:43.098  render           | Video append frame 18
01:26:44.245  render           | Video append frame 19
01:26:45.359  render           | Video append frame 20
01:26:46.512  render           | Video append frame 21
01:26:47.656  render           | Video append frame 22
01:26:48.794  render           | Video append frame 23
01:26:49.933  render           | Video append frame 24
01:26:51.074  render           | Video append frame 25
      CAM_B 25/450 frames (5%) 0.9 fps, about 8 min left
01:26:52.194  render           | Video append frame 26
01:26:53.315  render           | Video append frame 27
01:26:54.425  render           | Video append frame 28
01:26:55.582  render           | Video append frame 29
01:26:56.727  render           | Video append frame 30
01:26:57.886  render           | Video append frame 31
01:26:59.028  render           | Video append frame 32
01:27:00.158  render           | Video append frame 33
01:27:01.292  render           | Video append frame 34
01:27:02.408  render           | Video append frame 35
01:27:03.523  render           | Video append frame 36
01:27:04.683  render           | Video append frame 37
01:27:05.804  render           | Video append frame 38
01:27:06.957  render           | Video append frame 39
01:27:08.083  render           | Video append frame 40
01:27:09.207  render           | Video append frame 41
01:27:10.340  render           | Video append frame 42
01:27:11.472  render           | Video append frame 43
01:27:12.643  render           | Video append frame 44
01:27:13.765  render           | Video append frame 45
01:27:14.916  render           | Video append frame 46
01:27:16.062  render           | Video append frame 47
01:27:17.193  render           | Video append frame 48
01:27:18.316  render           | Video append frame 49
01:27:19.441  render           | Video append frame 50
      CAM_B 50/450 frames (11%) 0.9 fps, about 8 min left
01:27:20.566  render           | Video append frame 51
01:27:21.734  render           | Video append frame 52
01:27:22.877  render           | Video append frame 53
01:27:24.010  render           | Video append frame 54
01:27:25.157  render           | Video append frame 55
01:27:26.282  render           | Video append frame 56
01:27:27.399  render           | Video append frame 57
01:27:28.525  render           | Video append frame 58
01:27:29.671  render           | Video append frame 59
01:27:30.809  render           | Video append frame 60
01:27:31.954  render           | Video append frame 61
01:27:33.087  render           | Video append frame 62
01:27:34.227  render           | Video append frame 63
01:27:35.360  render           | Video append frame 64
01:27:36.494  render           | Video append frame 65
01:27:37.645  render           | Video append frame 66
01:27:38.789  render           | Video append frame 67
01:27:39.937  render           | Video append frame 68
01:27:41.088  render           | Video append frame 69
01:27:42.244  render           | Video append frame 70
01:27:43.390  render           | Video append frame 71
01:27:44.542  render           | Video append frame 72
01:27:45.691  render           | Video append frame 73
01:27:46.853  render           | Video append frame 74
01:27:48.009  render           | Video append frame 75
      CAM_B 75/450 frames (16%) 0.9 fps, about 7 min left
01:27:49.171  render           | Video append frame 76
01:27:50.333  render           | Video append frame 77
01:27:51.499  render           | Video append frame 78
01:27:52.665  render           | Video append frame 79
01:27:53.826  render           | Video append frame 80
01:27:54.980  render           | Video append frame 81
01:27:56.146  render           | Video append frame 82
01:27:57.322  render           | Video append frame 83
01:27:58.498  render           | Video append frame 84
01:27:59.671  render           | Video append frame 85
01:28:00.828  render           | Video append frame 86
01:28:02.004  render           | Video append frame 87
01:28:03.159  render           | Video append frame 88
01:28:04.316  render           | Video append frame 89
01:28:05.482  render           | Video append frame 90
01:28:06.647  render           | Video append frame 91
01:28:07.811  render           | Video append frame 92
01:28:08.982  render           | Video append frame 93
01:28:10.188  render           | Video append frame 94
01:28:11.351  render           | Video append frame 95
01:28:12.499  render           | Video append frame 96
01:28:13.670  render           | Video append frame 97
01:28:14.850  render           | Video append frame 98
01:28:16.041  render           | Video append frame 99
01:28:17.213  render           | Video append frame 100
      CAM_B 100/450 frames (22%) 0.9 fps, about 7 min left
01:28:18.362  render           | Video append frame 101
01:28:19.539  render           | Video append frame 102
01:28:20.720  render           | Video append frame 103
01:28:21.902  render           | Video append frame 104
01:28:23.075  render           | Video append frame 105
01:28:24.257  render           | Video append frame 106
01:28:25.439  render           | Video append frame 107
01:28:26.620  render           | Video append frame 108
01:28:27.797  render           | Video append frame 109
01:28:28.963  render           | Video append frame 110
01:28:30.137  render           | Video append frame 111
01:28:31.319  render           | Video append frame 112
01:28:32.499  render           | Video append frame 113
01:28:33.666  render           | Video append frame 114
01:28:34.849  render           | Video append frame 115
01:28:36.029  render           | Video append frame 116
01:28:37.214  render           | Video append frame 117
01:28:38.394  render           | Video append frame 118
01:28:39.571  render           | Video append frame 119
01:28:40.758  render           | Video append frame 120
01:28:41.941  render           | Video append frame 121
01:28:43.118  render           | Video append frame 122
01:28:44.295  render           | Video append frame 123
01:28:45.470  render           | Video append frame 124
01:28:46.651  render           | Video append frame 125
      CAM_B 125/450 frames (27%) 0.9 fps, about 6 min left
01:28:47.832  render           | Video append frame 126
01:28:49.026  render           | Video append frame 127
01:28:50.193  render           | Video append frame 128
01:28:51.363  render           | Video append frame 129
01:28:52.549  render           | Video append frame 130
01:28:53.738  render           | Video append frame 131
01:28:54.919  render           | Video append frame 132
01:28:56.099  render           | Video append frame 133
01:28:57.270  render           | Video append frame 134
01:28:58.450  render           | Video append frame 135
01:28:59.633  render           | Video append frame 136
01:29:00.823  render           | Video append frame 137
01:29:02.000  render           | Video append frame 138
01:29:03.180  render           | Video append frame 139
01:29:04.354  render           | Video append frame 140
01:29:05.530  render           | Video append frame 141
01:29:06.714  render           | Video append frame 142
01:29:07.894  render           | Video append frame 143
01:29:09.075  render           | Video append frame 144
01:29:10.260  render           | Video append frame 145
01:29:11.447  render           | Video append frame 146
01:29:12.641  render           | Video append frame 147
01:29:13.832  render           | Video append frame 148
01:29:15.042  render           | Video append frame 149
01:29:16.224  render           | Video append frame 150
      CAM_B 150/450 frames (33%) 0.9 fps, about 6 min left
01:29:17.400  render           | Video append frame 151
01:29:18.573  render           | Video append frame 152
01:29:19.752  render           | Video append frame 153
01:29:20.932  render           | Video append frame 154
01:29:22.121  render           | Video append frame 155
01:29:23.316  render           | Video append frame 156
01:29:24.504  render           | Video append frame 157
01:29:25.705  render           | Video append frame 158
01:29:26.892  render           | Video append frame 159
01:29:28.074  render           | Video append frame 160
01:29:29.265  render           | Video append frame 161
01:29:30.456  render           | Video append frame 162
01:29:31.678  render           | Video append frame 163
01:29:32.852  render           | Video append frame 164
01:29:34.026  render           | Video append frame 165
01:29:35.205  render           | Video append frame 166
01:29:36.390  render           | Video append frame 167
01:29:37.577  render           | Video append frame 168
01:29:38.758  render           | Video append frame 169
01:29:39.935  render           | Video append frame 170
01:29:41.121  render           | Video append frame 171
01:29:42.305  render           | Video append frame 172
01:29:43.489  render           | Video append frame 173
01:29:44.663  render           | Video append frame 174
01:29:45.845  render           | Video append frame 175
      CAM_B 175/450 frames (38%) 0.9 fps, about 5 min left
01:29:47.028  render           | Video append frame 176
01:29:48.216  render           | Video append frame 177
01:29:49.396  render           | Video append frame 178
01:29:50.576  render           | Video append frame 179
01:29:51.748  render           | Video append frame 180
01:29:52.924  render           | Video append frame 181
01:29:54.112  render           | Video append frame 182
01:29:55.306  render           | Video append frame 183
01:29:56.488  render           | Video append frame 184
01:29:57.672  render           | Video append frame 185
01:29:58.851  render           | Video append frame 186
01:30:00.029  render           | Video append frame 187
01:30:01.217  render           | Video append frame 188
01:30:02.401  render           | Video append frame 189
01:30:03.587  render           | Video append frame 190
01:30:04.805  render           | Video append frame 191
01:30:05.988  render           | Video append frame 192
01:30:07.177  render           | Video append frame 193
01:30:08.382  render           | Video append frame 194
01:30:09.562  render           | Video append frame 195
01:30:10.743  render           | Video append frame 196
01:30:11.924  render           | Video append frame 197
01:30:13.135  render           | Video append frame 198
01:30:14.335  render           | Video append frame 199
01:30:15.646  render           | Video append frame 200
      CAM_B 200/450 frames (44%) 0.9 fps, about 5 min left
01:30:17.107  render           | Video append frame 201
01:30:18.590  render           | Video append frame 202
01:30:19.954  render           | Video append frame 203
01:30:21.306  render           | Video append frame 204
01:30:22.692  render           | Video append frame 205
01:30:24.147  render           | Video append frame 206
01:30:25.414  render           | Video append frame 207
01:30:26.584  render           | Video append frame 208
01:30:27.775  render           | Video append frame 209
01:30:28.926  render           | Video append frame 210
01:30:30.112  render           | Video append frame 211
01:30:31.269  render           | Video append frame 212
01:30:32.473  render           | Video append frame 213
01:30:33.625  render           | Video append frame 214
01:30:34.786  render           | Video append frame 215
01:30:35.994  render           | Video append frame 216
01:30:37.186  render           | Video append frame 217
01:30:38.350  render           | Video append frame 218
01:30:39.624  render           | Video append frame 219
01:30:40.836  render           | Video append frame 220
01:30:42.035  render           | Video append frame 221
01:30:43.262  render           | Video append frame 222
01:30:44.452  render           | Video append frame 223
01:30:45.634  render           | Video append frame 224
01:30:46.820  render           | Video append frame 225
      CAM_B 225/450 frames (50%) 0.9 fps, about 4 min left
01:30:48.015  render           | Video append frame 226
01:30:49.217  render           | Video append frame 227
01:30:50.405  render           | Video append frame 228
01:30:51.591  render           | Video append frame 229
01:30:52.772  render           | Video append frame 230
01:30:53.964  render           | Video append frame 231
01:30:55.153  render           | Video append frame 232
01:30:56.356  render           | Video append frame 233
01:30:57.532  render           | Video append frame 234
01:30:58.718  render           | Video append frame 235
01:30:59.909  render           | Video append frame 236
01:31:01.094  render           | Video append frame 237
01:31:02.285  render           | Video append frame 238
01:31:03.475  render           | Video append frame 239
01:31:04.673  render           | Video append frame 240
01:31:05.861  render           | Video append frame 241
01:31:07.048  render           | Video append frame 242
01:31:08.245  render           | Video append frame 243
01:31:09.432  render           | Video append frame 244
01:31:10.622  render           | Video append frame 245
01:31:11.817  render           | Video append frame 246
01:31:13.001  render           | Video append frame 247
01:31:14.201  render           | Video append frame 248
01:31:15.390  render           | Video append frame 249
01:31:16.581  render           | Video append frame 250
      CAM_B 250/450 frames (55%) 0.9 fps, about 4 min left
01:31:17.782  render           | Video append frame 251
01:31:18.972  render           | Video append frame 252
01:31:20.161  render           | Video append frame 253
01:31:21.344  render           | Video append frame 254
01:31:22.566  render           | Video append frame 255
01:31:23.764  render           | Video append frame 256
01:31:24.940  render           | Video append frame 257
01:31:26.121  render           | Video append frame 258
01:31:27.324  render           | Video append frame 259
01:31:28.524  render           | Video append frame 260
01:31:29.718  render           | Video append frame 261
01:31:30.924  render           | Video append frame 262
01:31:32.121  render           | Video append frame 263
01:31:33.304  render           | Video append frame 264
01:31:34.501  render           | Video append frame 265
01:31:35.684  render           | Video append frame 266
01:31:36.899  render           | Video append frame 267
01:31:38.084  render           | Video append frame 268
01:31:39.264  render           | Video append frame 269
01:31:40.452  render           | Video append frame 270
01:31:41.645  render           | Video append frame 271
01:31:42.833  render           | Video append frame 272
01:31:44.015  render           | Video append frame 273
01:31:45.219  render           | Video append frame 274
01:31:46.419  render           | Video append frame 275
      CAM_B 275/450 frames (61%) 0.8 fps, about 3 min left
01:31:47.610  render           | Video append frame 276
01:31:48.796  render           | Video append frame 277
01:31:49.984  render           | Video append frame 278
01:31:51.177  render           | Video append frame 279
01:31:52.372  render           | Video append frame 280
01:31:53.556  render           | Video append frame 281
01:31:54.750  render           | Video append frame 282
01:31:55.928  render           | Video append frame 283
01:31:57.138  render           | Video append frame 284
01:31:58.327  render           | Video append frame 285
01:31:59.511  render           | Video append frame 286
01:32:00.708  render           | Video append frame 287
01:32:01.895  render           | Video append frame 288
01:32:03.079  render           | Video append frame 289
01:32:04.324  render           | Video append frame 290
01:32:05.503  render           | Video append frame 291
01:32:06.687  render           | Video append frame 292
01:32:07.868  render           | Video append frame 293
01:32:09.151  render           | Video append frame 294
01:32:10.318  render           | Video append frame 295
01:32:11.492  render           | Video append frame 296
01:32:12.675  render           | Video append frame 297
01:32:13.871  render           | Video append frame 298
01:32:15.074  render           | Video append frame 299
01:32:16.300  render           | Video append frame 300
      CAM_B 300/450 frames (66%) 0.8 fps, about 3 min left
01:32:17.476  render           | Video append frame 301
01:32:18.655  render           | Video append frame 302
01:32:19.843  render           | Video append frame 303
01:32:21.026  render           | Video append frame 304
01:32:22.212  render           | Video append frame 305
01:32:23.398  render           | Video append frame 306
01:32:24.630  render           | Video append frame 307
01:32:25.823  render           | Video append frame 308
01:32:27.013  render           | Video append frame 309
01:32:28.195  render           | Video append frame 310
01:32:29.434  render           | Video append frame 311
01:32:30.613  render           | Video append frame 312
01:32:31.790  render           | Video append frame 313
01:32:32.970  render           | Video append frame 314
01:32:34.152  render           | Video append frame 315
01:32:35.353  render           | Video append frame 316
01:32:36.557  render           | Video append frame 317
01:32:37.740  render           | Video append frame 318
01:32:38.939  render           | Video append frame 319
01:32:40.127  render           | Video append frame 320
01:32:41.320  render           | Video append frame 321
01:32:42.510  render           | Video append frame 322
01:32:43.699  render           | Video append frame 323
01:32:44.884  render           | Video append frame 324
01:32:46.065  render           | Video append frame 325
      CAM_B 325/450 frames (72%) 0.8 fps, about 2 min left
01:32:47.253  render           | Video append frame 326
01:32:48.443  render           | Video append frame 327
01:32:49.626  render           | Video append frame 328
01:32:50.829  render           | Video append frame 329
01:32:52.004  render           | Video append frame 330
01:32:53.186  render           | Video append frame 331
01:32:54.371  render           | Video append frame 332
01:32:55.579  render           | Video append frame 333
01:32:56.762  render           | Video append frame 334
01:32:57.940  render           | Video append frame 335
01:32:59.116  render           | Video append frame 336
01:33:00.320  render           | Video append frame 337
01:33:01.514  render           | Video append frame 338
01:33:02.703  render           | Video append frame 339
01:33:03.886  render           | Video append frame 340
01:33:05.071  render           | Video append frame 341
01:33:06.254  render           | Video append frame 342
01:33:07.433  render           | Video append frame 343
01:33:08.613  render           | Video append frame 344
01:33:09.803  render           | Video append frame 345
01:33:10.992  render           | Video append frame 346
01:33:12.177  render           | Video append frame 347
01:33:13.358  render           | Video append frame 348
01:33:14.552  render           | Video append frame 349
01:33:15.755  render           | Video append frame 350
      CAM_B 350/450 frames (77%) 0.8 fps, about 2 min left
01:33:16.945  render           | Video append frame 351
01:33:18.127  render           | Video append frame 352
01:33:19.314  render           | Video append frame 353
01:33:20.521  render           | Video append frame 354
01:33:21.709  render           | Video append frame 355
01:33:22.887  render           | Video append frame 356
01:33:24.073  render           | Video append frame 357
01:33:25.269  render           | Video append frame 358
01:33:26.471  render           | Video append frame 359
01:33:27.666  render           | Video append frame 360
01:33:28.848  render           | Video append frame 361
01:33:30.044  render           | Video append frame 362
01:33:31.243  render           | Video append frame 363
01:33:32.421  render           | Video append frame 364
01:33:33.605  render           | Video append frame 365
01:33:34.797  render           | Video append frame 366
01:33:35.983  render           | Video append frame 367
01:33:37.175  render           | Video append frame 368
01:33:38.352  render           | Video append frame 369
01:33:39.535  render           | Video append frame 370
01:33:40.724  render           | Video append frame 371
01:33:41.913  render           | Video append frame 372
01:33:43.101  render           | Video append frame 373
01:33:44.292  render           | Video append frame 374
01:33:45.469  render           | Video append frame 375
      CAM_B 375/450 frames (83%) 0.8 fps, about 1 min left
01:33:46.673  render           | Video append frame 376
01:33:47.851  render           | Video append frame 377
01:33:49.041  render           | Video append frame 378
01:33:50.238  render           | Video append frame 379
01:33:51.428  render           | Video append frame 380
01:33:52.608  render           | Video append frame 381
01:33:53.783  render           | Video append frame 382
01:33:54.973  render           | Video append frame 383
01:33:56.159  render           | Video append frame 384
01:33:57.351  render           | Video append frame 385
01:33:58.542  render           | Video append frame 386
01:33:59.729  render           | Video append frame 387
01:34:00.908  render           | Video append frame 388
01:34:02.107  render           | Video append frame 389
01:34:03.293  render           | Video append frame 390
01:34:04.470  render           | Video append frame 391
01:34:05.660  render           | Video append frame 392
01:34:06.839  render           | Video append frame 393
01:34:08.038  render           | Video append frame 394
01:34:09.228  render           | Video append frame 395
01:34:10.412  render           | Video append frame 396
01:34:11.599  render           | Video append frame 397
01:34:12.784  render           | Video append frame 398
01:34:13.980  render           | Video append frame 399
01:34:15.182  render           | Video append frame 400
      CAM_B 400/450 frames (88%) 0.8 fps, about 1 min left
01:34:16.388  render           | Video append frame 401
01:34:17.565  render           | Video append frame 402
01:34:18.752  render           | Video append frame 403
01:34:19.943  render           | Video append frame 404
01:34:21.125  render           | Video append frame 405
01:34:22.311  render           | Video append frame 406
01:34:23.502  render           | Video append frame 407
01:34:24.686  render           | Video append frame 408
01:34:25.868  render           | Video append frame 409
01:34:27.054  render           | Video append frame 410
01:34:28.236  render           | Video append frame 411
01:34:29.423  render           | Video append frame 412
01:34:30.606  render           | Video append frame 413
01:34:31.792  render           | Video append frame 414
01:34:32.974  render           | Video append frame 415
01:34:34.171  render           | Video append frame 416
01:34:35.375  render           | Video append frame 417
01:34:36.553  render           | Video append frame 418
01:34:37.741  render           | Video append frame 419
01:34:38.930  render           | Video append frame 420
01:34:40.120  render           | Video append frame 421
01:34:41.334  render           | Video append frame 422
01:34:42.516  render           | Video append frame 423
01:34:43.708  render           | Video append frame 424
01:34:44.903  render           | Video append frame 425
      CAM_B 425/450 frames (94%) 0.8 fps, about 0 min left
01:34:46.104  render           | Video append frame 426
01:34:47.292  render           | Video append frame 427
01:34:48.481  render           | Video append frame 428
01:34:49.673  render           | Video append frame 429
01:34:50.868  render           | Video append frame 430
01:34:52.065  render           | Video append frame 431
01:34:53.249  render           | Video append frame 432
01:34:54.428  render           | Video append frame 433
01:34:55.612  render           | Video append frame 434
01:34:56.806  render           | Video append frame 435
01:34:58.004  render           | Video append frame 436
01:34:59.203  render           | Video append frame 437
01:35:00.371  render           | Video append frame 438
01:35:01.550  render           | Video append frame 439
01:35:02.740  render           | Video append frame 440
01:35:03.931  render           | Video append frame 441
01:35:05.123  render           | Video append frame 442
01:35:06.306  render           | Video append frame 443
01:35:07.490  render           | Video append frame 444
01:35:08.686  render           | Video append frame 445
01:35:09.893  render           | Video append frame 446
01:35:11.079  render           | Video append frame 447
01:35:12.265  render           | Video append frame 448
01:35:13.457  render           | Video append frame 449
01:35:14.655  render           | Video append frame 450
      CAM_B 450/450 frames (100%) 0.8 fps, about 0 min left
    finished CAM_B
    rendering CAM_C (3/3) 450 frames
01:35:16.094  render           | Video append frame 1
01:35:17.494  render           | Video append frame 2
01:35:18.824  render           | Video append frame 3
01:35:20.175  render           | Video append frame 4
01:35:21.555  render           | Video append frame 5
01:35:22.922  render           | Video append frame 6
01:35:24.284  render           | Video append frame 7
01:35:25.654  render           | Video append frame 8
01:35:27.020  render           | Video append frame 9
01:35:28.385  render           | Video append frame 10
01:35:29.756  render           | Video append frame 11
01:35:31.122  render           | Video append frame 12
01:35:32.488  render           | Video append frame 13
01:35:33.855  render           | Video append frame 14
01:35:35.230  render           | Video append frame 15
01:35:36.601  render           | Video append frame 16
01:35:37.972  render           | Video append frame 17
01:35:39.352  render           | Video append frame 18
01:35:40.718  render           | Video append frame 19
01:35:42.095  render           | Video append frame 20
01:35:43.514  render           | Video append frame 21
01:35:44.906  render           | Video append frame 22
01:35:46.294  render           | Video append frame 23
01:35:47.669  render           | Video append frame 24
01:35:49.064  render           | Video append frame 25
      CAM_C 25/450 frames (5%) 0.7 fps, about 10 min left
01:35:50.440  render           | Video append frame 26
01:35:51.818  render           | Video append frame 27
01:35:53.190  render           | Video append frame 28
01:35:54.564  render           | Video append frame 29
01:35:55.942  render           | Video append frame 30
01:35:57.338  render           | Video append frame 31
01:35:58.710  render           | Video append frame 32
01:36:00.094  render           | Video append frame 33
01:36:01.494  render           | Video append frame 34
01:36:02.879  render           | Video append frame 35
01:36:04.257  render           | Video append frame 36
01:36:05.631  render           | Video append frame 37
01:36:07.016  render           | Video append frame 38
01:36:08.387  render           | Video append frame 39
01:36:09.762  render           | Video append frame 40
01:36:11.138  render           | Video append frame 41
01:36:12.515  render           | Video append frame 42
01:36:13.891  render           | Video append frame 43
01:36:15.264  render           | Video append frame 44
01:36:16.669  render           | Video append frame 45
01:36:18.044  render           | Video append frame 46
01:36:19.420  render           | Video append frame 47
01:36:20.798  render           | Video append frame 48
01:36:22.176  render           | Video append frame 49
01:36:23.557  render           | Video append frame 50
      CAM_C 50/450 frames (11%) 0.7 fps, about 9 min left
01:36:24.938  render           | Video append frame 51
01:36:26.318  render           | Video append frame 52
01:36:27.707  render           | Video append frame 53
01:36:29.079  render           | Video append frame 54
01:36:30.462  render           | Video append frame 55
01:36:31.849  render           | Video append frame 56
01:36:33.224  render           | Video append frame 57
01:36:34.603  render           | Video append frame 58
01:36:35.983  render           | Video append frame 59
01:36:37.366  render           | Video append frame 60
01:36:38.744  render           | Video append frame 61
01:36:40.117  render           | Video append frame 62
01:36:41.494  render           | Video append frame 63
01:36:42.905  render           | Video append frame 64
01:36:44.276  render           | Video append frame 65
01:36:45.643  render           | Video append frame 66
01:36:47.028  render           | Video append frame 67
01:36:48.404  render           | Video append frame 68
01:36:49.791  render           | Video append frame 69
01:36:51.167  render           | Video append frame 70
01:36:52.552  render           | Video append frame 71
01:36:53.926  render           | Video append frame 72
01:36:55.300  render           | Video append frame 73
01:36:56.687  render           | Video append frame 74
01:36:58.066  render           | Video append frame 75
      CAM_C 75/450 frames (16%) 0.7 fps, about 9 min left
01:36:59.463  render           | Video append frame 76
01:37:00.860  render           | Video append frame 77
01:37:02.245  render           | Video append frame 78
01:37:03.620  render           | Video append frame 79
01:37:04.998  render           | Video append frame 80
01:37:06.375  render           | Video append frame 81
01:37:07.782  render           | Video append frame 82
01:37:09.155  render           | Video append frame 83
01:37:10.530  render           | Video append frame 84
01:37:11.914  render           | Video append frame 85
01:37:13.299  render           | Video append frame 86
01:37:14.711  render           | Video append frame 87
01:37:16.128  render           | Video append frame 88
01:37:17.496  render           | Video append frame 89
01:37:18.862  render           | Video append frame 90
01:37:20.244  render           | Video append frame 91
01:37:21.624  render           | Video append frame 92
01:37:23.014  render           | Video append frame 93
01:37:24.391  render           | Video append frame 94
01:37:25.773  render           | Video append frame 95
01:37:27.220  render           | Video append frame 96
01:37:28.594  render           | Video append frame 97
01:37:29.962  render           | Video append frame 98
01:37:31.341  render           | Video append frame 99
01:37:32.741  render           | Video append frame 100
      CAM_C 100/450 frames (22%) 0.7 fps, about 8 min left
01:37:34.120  render           | Video append frame 101
01:37:35.497  render           | Video append frame 102
01:37:36.877  render           | Video append frame 103
01:37:38.254  render           | Video append frame 104
01:37:39.626  render           | Video append frame 105
01:37:41.001  render           | Video append frame 106
01:37:42.381  render           | Video append frame 107
01:37:43.753  render           | Video append frame 108
01:37:45.138  render           | Video append frame 109
01:37:46.571  render           | Video append frame 110
01:37:47.959  render           | Video append frame 111
01:37:49.328  render           | Video append frame 112
01:37:50.716  render           | Video append frame 113
01:37:52.099  render           | Video append frame 114
01:37:53.477  render           | Video append frame 115
01:37:54.854  render           | Video append frame 116
01:37:56.234  render           | Video append frame 117
01:37:57.619  render           | Video append frame 118
01:37:58.995  render           | Video append frame 119
01:38:00.387  render           | Video append frame 120
01:38:01.779  render           | Video append frame 121
01:38:03.160  render           | Video append frame 122
01:38:04.540  render           | Video append frame 123
01:38:05.923  render           | Video append frame 124
01:38:07.307  render           | Video append frame 125
      CAM_C 125/450 frames (27%) 0.7 fps, about 7 min left
01:38:08.681  render           | Video append frame 126
01:38:10.067  render           | Video append frame 127
01:38:11.448  render           | Video append frame 128
01:38:12.828  render           | Video append frame 129
01:38:14.232  render           | Video append frame 130
01:38:15.635  render           | Video append frame 131
01:38:17.023  render           | Video append frame 132
01:38:18.400  render           | Video append frame 133
01:38:19.809  render           | Video append frame 134
01:38:21.211  render           | Video append frame 135
01:38:22.606  render           | Video append frame 136
01:38:23.996  render           | Video append frame 137
01:38:25.383  render           | Video append frame 138
01:38:26.770  render           | Video append frame 139
01:38:28.153  render           | Video append frame 140
01:38:29.538  render           | Video append frame 141
01:38:30.927  render           | Video append frame 142
01:38:32.312  render           | Video append frame 143
01:38:33.706  render           | Video append frame 144
01:38:35.088  render           | Video append frame 145
01:38:36.474  render           | Video append frame 146
01:38:37.868  render           | Video append frame 147
01:38:39.258  render           | Video append frame 148
01:38:40.649  render           | Video append frame 149
01:38:42.036  render           | Video append frame 150
      CAM_C 150/450 frames (33%) 0.7 fps, about 7 min left
01:38:43.431  render           | Video append frame 151
01:38:44.813  render           | Video append frame 152
01:38:46.202  render           | Video append frame 153
01:38:47.588  render           | Video append frame 154
01:38:48.979  render           | Video append frame 155
01:38:50.396  render           | Video append frame 156
01:38:51.806  render           | Video append frame 157
01:38:53.208  render           | Video append frame 158
01:38:54.585  render           | Video append frame 159
01:38:55.994  render           | Video append frame 160
01:38:57.380  render           | Video append frame 161
01:38:58.767  render           | Video append frame 162
01:39:00.147  render           | Video append frame 163
01:39:01.529  render           | Video append frame 164
01:39:02.905  render           | Video append frame 165
01:39:04.293  render           | Video append frame 166
01:39:05.679  render           | Video append frame 167
01:39:07.063  render           | Video append frame 168
01:39:08.448  render           | Video append frame 169
01:39:09.842  render           | Video append frame 170
01:39:11.220  render           | Video append frame 171
01:39:12.608  render           | Video append frame 172
01:39:13.996  render           | Video append frame 173
01:39:15.389  render           | Video append frame 174
01:39:16.773  render           | Video append frame 175
      CAM_C 175/450 frames (38%) 0.7 fps, about 6 min left
01:39:18.171  render           | Video append frame 176
01:39:19.552  render           | Video append frame 177
01:39:20.932  render           | Video append frame 178
01:39:22.318  render           | Video append frame 179
01:39:23.695  render           | Video append frame 180
01:39:25.075  render           | Video append frame 181
01:39:26.457  render           | Video append frame 182
01:39:27.850  render           | Video append frame 183
01:39:29.237  render           | Video append frame 184
01:39:30.618  render           | Video append frame 185
01:39:31.996  render           | Video append frame 186
01:39:33.373  render           | Video append frame 187
01:39:34.757  render           | Video append frame 188
01:39:36.133  render           | Video append frame 189
01:39:37.512  render           | Video append frame 190
01:39:38.902  render           | Video append frame 191
01:39:40.283  render           | Video append frame 192
01:39:41.664  render           | Video append frame 193
01:39:43.048  render           | Video append frame 194
01:39:44.437  render           | Video append frame 195
01:39:45.815  render           | Video append frame 196
01:39:47.193  render           | Video append frame 197
01:39:48.573  render           | Video append frame 198
01:39:49.964  render           | Video append frame 199
01:39:51.355  render           | Video append frame 200
      CAM_C 200/450 frames (44%) 0.7 fps, about 6 min left
01:39:52.754  render           | Video append frame 201
01:39:54.191  render           | Video append frame 202
01:39:55.585  render           | Video append frame 203
01:39:56.976  render           | Video append frame 204
01:39:58.352  render           | Video append frame 205
01:39:59.743  render           | Video append frame 206
01:40:01.144  render           | Video append frame 207
01:40:02.524  render           | Video append frame 208
01:40:03.907  render           | Video append frame 209
01:40:05.286  render           | Video append frame 210
01:40:06.666  render           | Video append frame 211
01:40:08.055  render           | Video append frame 212
01:40:09.434  render           | Video append frame 213
01:40:10.809  render           | Video append frame 214
01:40:12.196  render           | Video append frame 215
01:40:13.574  render           | Video append frame 216
01:40:15.004  render           | Video append frame 217
01:40:16.391  render           | Video append frame 218
01:40:17.762  render           | Video append frame 219
01:40:19.145  render           | Video append frame 220
01:40:20.539  render           | Video append frame 221
01:40:21.932  render           | Video append frame 222
01:40:23.327  render           | Video append frame 223
01:40:24.711  render           | Video append frame 224
01:40:26.095  render           | Video append frame 225
      CAM_C 225/450 frames (50%) 0.7 fps, about 5 min left
01:40:27.472  render           | Video append frame 226
01:40:28.858  render           | Video append frame 227
01:40:30.271  render           | Video append frame 228
01:40:31.650  render           | Video append frame 229
01:40:33.033  render           | Video append frame 230
01:40:34.436  render           | Video append frame 231
01:40:35.815  render           | Video append frame 232
01:40:37.197  render           | Video append frame 233
01:40:38.605  render           | Video append frame 234
01:40:39.983  render           | Video append frame 235
01:40:41.361  render           | Video append frame 236
01:40:42.743  render           | Video append frame 237
01:40:44.142  render           | Video append frame 238
01:40:45.540  render           | Video append frame 239
01:40:46.921  render           | Video append frame 240
01:40:48.307  render           | Video append frame 241
01:40:49.690  render           | Video append frame 242
01:40:51.077  render           | Video append frame 243
01:40:52.463  render           | Video append frame 244
01:40:53.843  render           | Video append frame 245
01:40:55.265  render           | Video append frame 246
01:40:56.660  render           | Video append frame 247
01:40:58.034  render           | Video append frame 248
01:40:59.442  render           | Video append frame 249
01:41:00.819  render           | Video append frame 250
      CAM_C 250/450 frames (55%) 0.7 fps, about 5 min left
01:41:02.196  render           | Video append frame 251
01:41:03.577  render           | Video append frame 252
01:41:04.973  render           | Video append frame 253
01:41:06.374  render           | Video append frame 254
01:41:07.765  render           | Video append frame 255
01:41:09.148  render           | Video append frame 256
01:41:10.529  render           | Video append frame 257
01:41:11.909  render           | Video append frame 258
01:41:13.302  render           | Video append frame 259
01:41:14.728  render           | Video append frame 260
01:41:16.137  render           | Video append frame 261
01:41:17.512  render           | Video append frame 262
01:41:18.883  render           | Video append frame 263
01:41:20.262  render           | Video append frame 264
01:41:21.657  render           | Video append frame 265
01:41:23.071  render           | Video append frame 266
01:41:24.453  render           | Video append frame 267
01:41:25.830  render           | Video append frame 268
01:41:27.218  render           | Video append frame 269
01:41:28.606  render           | Video append frame 270
01:41:29.997  render           | Video append frame 271
01:41:31.379  render           | Video append frame 272
01:41:32.765  render           | Video append frame 273
01:41:34.145  render           | Video append frame 274
01:41:35.536  render           | Video append frame 275
      CAM_C 275/450 frames (61%) 0.7 fps, about 4 min left
01:41:36.915  render           | Video append frame 276
01:41:38.301  render           | Video append frame 277
01:41:39.676  render           | Video append frame 278
01:41:41.056  render           | Video append frame 279
01:41:42.440  render           | Video append frame 280
01:41:43.828  render           | Video append frame 281
01:41:45.230  render           | Video append frame 282
01:41:46.619  render           | Video append frame 283
01:41:48.000  render           | Video append frame 284
01:41:49.385  render           | Video append frame 285
01:41:50.770  render           | Video append frame 286
01:41:52.148  render           | Video append frame 287
01:41:53.527  render           | Video append frame 288
01:41:54.909  render           | Video append frame 289
01:41:56.293  render           | Video append frame 290
01:41:57.679  render           | Video append frame 291
01:41:59.060  render           | Video append frame 292
01:42:00.450  render           | Video append frame 293
01:42:01.825  render           | Video append frame 294
01:42:03.243  render           | Video append frame 295
01:42:04.619  render           | Video append frame 296
01:42:06.010  render           | Video append frame 297
01:42:07.389  render           | Video append frame 298
01:42:08.771  render           | Video append frame 299
01:42:10.162  render           | Video append frame 300
      CAM_C 300/450 frames (66%) 0.7 fps, about 3 min left
01:42:11.541  render           | Video append frame 301
01:42:12.928  render           | Video append frame 302
01:42:14.310  render           | Video append frame 303
01:42:15.744  render           | Video append frame 304
01:42:17.133  render           | Video append frame 305
01:42:18.505  render           | Video append frame 306
01:42:19.888  render           | Video append frame 307
01:42:21.275  render           | Video append frame 308
01:42:22.656  render           | Video append frame 309
01:42:24.038  render           | Video append frame 310
01:42:25.420  render           | Video append frame 311
01:42:26.803  render           | Video append frame 312
01:42:28.188  render           | Video append frame 313
01:42:29.568  render           | Video append frame 314
01:42:30.949  render           | Video append frame 315
01:42:32.331  render           | Video append frame 316
01:42:33.709  render           | Video append frame 317
01:42:35.082  render           | Video append frame 318
01:42:36.458  render           | Video append frame 319
01:42:37.844  render           | Video append frame 320
01:42:39.228  render           | Video append frame 321
01:42:40.602  render           | Video append frame 322
01:42:41.990  render           | Video append frame 323
01:42:43.373  render           | Video append frame 324
01:42:44.755  render           | Video append frame 325
      CAM_C 325/450 frames (72%) 0.7 fps, about 3 min left
01:42:46.145  render           | Video append frame 326
01:42:47.518  render           | Video append frame 327
01:42:48.895  render           | Video append frame 328
01:42:50.276  render           | Video append frame 329
01:42:51.663  render           | Video append frame 330
01:42:53.039  render           | Video append frame 331
01:42:54.422  render           | Video append frame 332
01:42:55.806  render           | Video append frame 333
01:42:57.196  render           | Video append frame 334
01:42:58.574  render           | Video append frame 335
01:42:59.950  render           | Video append frame 336
01:43:01.346  render           | Video append frame 337
01:43:02.719  render           | Video append frame 338
01:43:04.095  render           | Video append frame 339
01:43:05.470  render           | Video append frame 340
01:43:06.898  render           | Video append frame 341
01:43:08.267  render           | Video append frame 342
01:43:09.648  render           | Video append frame 343
01:43:11.028  render           | Video append frame 344
01:43:12.407  render           | Video append frame 345
01:43:13.785  render           | Video append frame 346
01:43:15.179  render           | Video append frame 347
01:43:16.578  render           | Video append frame 348
01:43:17.953  render           | Video append frame 349
01:43:19.328  render           | Video append frame 350
      CAM_C 350/450 frames (77%) 0.7 fps, about 2 min left
01:43:20.707  render           | Video append frame 351
01:43:22.091  render           | Video append frame 352
01:43:23.496  render           | Video append frame 353
01:43:24.872  render           | Video append frame 354
01:43:26.255  render           | Video append frame 355
01:43:27.635  render           | Video append frame 356
01:43:29.008  render           | Video append frame 357
01:43:30.381  render           | Video append frame 358
01:43:31.775  render           | Video append frame 359
01:43:33.157  render           | Video append frame 360
01:43:34.541  render           | Video append frame 361
01:43:35.922  render           | Video append frame 362
01:43:37.316  render           | Video append frame 363
01:43:38.693  render           | Video append frame 364
01:43:40.067  render           | Video append frame 365
01:43:41.452  render           | Video append frame 366
01:43:42.828  render           | Video append frame 367
01:43:44.202  render           | Video append frame 368
01:43:45.581  render           | Video append frame 369
01:43:46.963  render           | Video append frame 370
01:43:48.340  render           | Video append frame 371
01:43:49.719  render           | Video append frame 372
01:43:51.103  render           | Video append frame 373
01:43:52.485  render           | Video append frame 374
01:43:53.870  render           | Video append frame 375
      CAM_C 375/450 frames (83%) 0.7 fps, about 2 min left
01:43:55.245  render           | Video append frame 376
01:43:56.630  render           | Video append frame 377
01:43:58.018  render           | Video append frame 378
01:43:59.388  render           | Video append frame 379
01:44:00.768  render           | Video append frame 380
01:44:02.152  render           | Video append frame 381
01:44:03.525  render           | Video append frame 382
01:44:04.910  render           | Video append frame 383
01:44:06.299  render           | Video append frame 384
01:44:07.681  render           | Video append frame 385
01:44:09.054  render           | Video append frame 386
01:44:10.461  render           | Video append frame 387
01:44:11.866  render           | Video append frame 388
01:44:13.227  render           | Video append frame 389
01:44:14.611  render           | Video append frame 390
01:44:16.049  render           | Video append frame 391
01:44:17.429  render           | Video append frame 392
01:44:18.794  render           | Video append frame 393
01:44:20.152  render           | Video append frame 394
01:44:21.539  render           | Video append frame 395
01:44:22.923  render           | Video append frame 396
01:44:24.302  render           | Video append frame 397
01:44:25.675  render           | Video append frame 398
01:44:27.046  render           | Video append frame 399
01:44:28.432  render           | Video append frame 400
      CAM_C 400/450 frames (88%) 0.7 fps, about 1 min left
01:44:29.808  render           | Video append frame 401
01:44:31.179  render           | Video append frame 402
01:44:32.559  render           | Video append frame 403
01:44:33.955  render           | Video append frame 404
01:44:35.322  render           | Video append frame 405
01:44:36.699  render           | Video append frame 406
01:44:38.080  render           | Video append frame 407
01:44:39.456  render           | Video append frame 408
01:44:40.836  render           | Video append frame 409
01:44:42.215  render           | Video append frame 410
01:44:43.592  render           | Video append frame 411
01:44:44.970  render           | Video append frame 412
01:44:46.345  render           | Video append frame 413
01:44:47.720  render           | Video append frame 414
01:44:49.095  render           | Video append frame 415
01:44:50.467  render           | Video append frame 416
01:44:51.840  render           | Video append frame 417
01:44:53.217  render           | Video append frame 418
01:44:54.593  render           | Video append frame 419
01:44:55.963  render           | Video append frame 420
01:44:57.380  render           | Video append frame 421
01:44:58.785  render           | Video append frame 422
01:45:00.162  render           | Video append frame 423
01:45:01.540  render           | Video append frame 424
01:45:02.967  render           | Video append frame 425
      CAM_C 425/450 frames (94%) 0.7 fps, about 1 min left
01:45:04.357  render           | Video append frame 426
01:45:05.726  render           | Video append frame 427
01:45:07.094  render           | Video append frame 428
01:45:08.469  render           | Video append frame 429
01:45:09.842  render           | Video append frame 430
01:45:11.222  render           | Video append frame 431
01:45:12.599  render           | Video append frame 432
01:45:13.972  render           | Video append frame 433
01:45:15.393  render           | Video append frame 434
01:45:16.760  render           | Video append frame 435
01:45:18.122  render           | Video append frame 436
01:45:19.498  render           | Video append frame 437
01:45:20.874  render           | Video append frame 438
01:45:22.269  render           | Video append frame 439
01:45:23.624  render           | Video append frame 440
01:45:24.995  render           | Video append frame 441
01:45:26.374  render           | Video append frame 442
01:45:27.749  render           | Video append frame 443
01:45:29.124  render           | Video append frame 444
01:45:30.492  render           | Video append frame 445
01:45:31.885  render           | Video append frame 446
01:45:33.262  render           | Video append frame 447
01:45:34.633  render           | Video append frame 448
01:45:36.010  render           | Video append frame 449
01:45:37.384  render           | Video append frame 450
      CAM_C 450/450 frames (100%) 0.7 fps, about 0 min left
    finished CAM_C
  observations : 2510
  events       : 9
  written to   : /Users/adityasingh/codes/Rewind/data/samples/case_03

[4/6] case_04 — BLOCKED_ZONE (450 frames)
    frame 0/450  observations 0
    frame 50/450  observations 8
    frame 100/450  observations 82
    frame 150/450  observations 258
    frame 200/450  observations 523
    frame 250/450  observations 723
    frame 300/450  observations 923
    frame 350/450  observations 1091
    frame 400/450  observations 1241
    rendering CAM_A (1/3) 450 frames
01:45:44.110  render           | Video append frame 1
01:45:45.318  render           | Video append frame 2
01:45:46.525  render           | Video append frame 3
01:45:47.743  render           | Video append frame 4
01:45:48.976  render           | Video append frame 5
01:45:50.192  render           | Video append frame 6
01:45:51.419  render           | Video append frame 7
01:45:52.694  render           | Video append frame 8
01:45:53.993  render           | Video append frame 9
01:45:55.282  render           | Video append frame 10
01:45:56.557  render           | Video append frame 11
01:45:57.822  render           | Video append frame 12
01:45:59.099  render           | Video append frame 13
01:46:00.393  render           | Video append frame 14
01:46:01.653  render           | Video append frame 15
01:46:02.952  render           | Video append frame 16
01:46:04.262  render           | Video append frame 17
01:46:05.508  render           | Video append frame 18
01:46:06.757  render           | Video append frame 19
01:46:08.050  render           | Video append frame 20
01:46:09.347  render           | Video append frame 21
01:46:10.617  render           | Video append frame 22
01:46:11.900  render           | Video append frame 23
01:46:13.177  render           | Video append frame 24
01:46:14.481  render           | Video append frame 25
      CAM_A 25/450 frames (5%) 0.8 fps, about 9 min left
01:46:15.765  render           | Video append frame 26
01:46:17.035  render           | Video append frame 27
01:46:18.334  render           | Video append frame 28
01:46:19.645  render           | Video append frame 29
01:46:20.898  render           | Video append frame 30
01:46:22.175  render           | Video append frame 31
01:46:23.467  render           | Video append frame 32
01:46:24.771  render           | Video append frame 33
01:46:26.027  render           | Video append frame 34
01:46:27.301  render           | Video append frame 35
01:46:28.595  render           | Video append frame 36
01:46:29.895  render           | Video append frame 37
01:46:31.191  render           | Video append frame 38
01:46:32.479  render           | Video append frame 39
01:46:33.784  render           | Video append frame 40
01:46:35.050  render           | Video append frame 41
01:46:36.326  render           | Video append frame 42
01:46:37.642  render           | Video append frame 43
01:46:38.934  render           | Video append frame 44
01:46:40.189  render           | Video append frame 45
01:46:41.499  render           | Video append frame 46
01:46:42.761  render           | Video append frame 47
01:46:44.041  render           | Video append frame 48
01:46:45.335  render           | Video append frame 49
01:46:46.635  render           | Video append frame 50
      CAM_A 50/450 frames (11%) 0.8 fps, about 8 min left
01:46:47.888  render           | Video append frame 51
01:46:49.147  render           | Video append frame 52
01:46:50.439  render           | Video append frame 53
01:46:51.720  render           | Video append frame 54
01:46:53.005  render           | Video append frame 55
01:46:54.299  render           | Video append frame 56
01:46:55.578  render           | Video append frame 57
01:46:56.869  render           | Video append frame 58
01:46:58.149  render           | Video append frame 59
01:46:59.431  render           | Video append frame 60
01:47:00.735  render           | Video append frame 61
01:47:01.997  render           | Video append frame 62
01:47:03.265  render           | Video append frame 63
01:47:04.560  render           | Video append frame 64
01:47:05.833  render           | Video append frame 65
01:47:07.102  render           | Video append frame 66
01:47:08.389  render           | Video append frame 67
01:47:09.696  render           | Video append frame 68
01:47:10.965  render           | Video append frame 69
01:47:12.228  render           | Video append frame 70
01:47:13.522  render           | Video append frame 71
01:47:14.837  render           | Video append frame 72
01:47:16.136  render           | Video append frame 73
01:47:17.408  render           | Video append frame 74
01:47:18.671  render           | Video append frame 75
      CAM_A 75/450 frames (16%) 0.8 fps, about 8 min left
01:47:19.956  render           | Video append frame 76
01:47:21.241  render           | Video append frame 77
01:47:22.555  render           | Video append frame 78
01:47:23.839  render           | Video append frame 79
01:47:25.081  render           | Video append frame 80
01:47:26.364  render           | Video append frame 81
01:47:27.678  render           | Video append frame 82
01:47:28.967  render           | Video append frame 83
01:47:30.244  render           | Video append frame 84
01:47:31.530  render           | Video append frame 85
01:47:32.829  render           | Video append frame 86
01:47:34.112  render           | Video append frame 87
01:47:35.394  render           | Video append frame 88
01:47:36.671  render           | Video append frame 89
01:47:37.975  render           | Video append frame 90
01:47:39.258  render           | Video append frame 91
01:47:40.540  render           | Video append frame 92
01:47:41.827  render           | Video append frame 93
01:47:43.128  render           | Video append frame 94
01:47:44.429  render           | Video append frame 95
01:47:45.689  render           | Video append frame 96
01:47:46.975  render           | Video append frame 97
01:47:48.281  render           | Video append frame 98
01:47:49.563  render           | Video append frame 99
01:47:50.832  render           | Video append frame 100
      CAM_A 100/450 frames (22%) 0.8 fps, about 7 min left
01:47:52.130  render           | Video append frame 101
01:47:53.424  render           | Video append frame 102
01:47:54.724  render           | Video append frame 103
01:47:55.989  render           | Video append frame 104
01:47:57.285  render           | Video append frame 105
01:47:58.569  render           | Video append frame 106
01:47:59.848  render           | Video append frame 107
01:48:01.117  render           | Video append frame 108
01:48:02.390  render           | Video append frame 109
01:48:03.675  render           | Video append frame 110
01:48:04.967  render           | Video append frame 111
01:48:06.272  render           | Video append frame 112
01:48:07.538  render           | Video append frame 113
01:48:08.822  render           | Video append frame 114
01:48:10.106  render           | Video append frame 115
01:48:11.437  render           | Video append frame 116
01:48:12.692  render           | Video append frame 117
01:48:13.965  render           | Video append frame 118
01:48:15.271  render           | Video append frame 119
01:48:16.603  render           | Video append frame 120
01:48:17.879  render           | Video append frame 121
01:48:19.151  render           | Video append frame 122
01:48:20.455  render           | Video append frame 123
01:48:21.734  render           | Video append frame 124
01:48:23.003  render           | Video append frame 125
      CAM_A 125/450 frames (27%) 0.8 fps, about 7 min left
01:48:24.270  render           | Video append frame 126
01:48:25.565  render           | Video append frame 127
01:48:26.891  render           | Video append frame 128
01:48:28.173  render           | Video append frame 129
01:48:29.443  render           | Video append frame 130
01:48:30.715  render           | Video append frame 131
01:48:32.010  render           | Video append frame 132
01:48:33.284  render           | Video append frame 133
01:48:34.563  render           | Video append frame 134
01:48:35.820  render           | Video append frame 135
01:48:37.092  render           | Video append frame 136
01:48:38.384  render           | Video append frame 137
01:48:39.663  render           | Video append frame 138
01:48:40.940  render           | Video append frame 139
01:48:42.257  render           | Video append frame 140
01:48:43.532  render           | Video append frame 141
01:48:44.820  render           | Video append frame 142
01:48:46.085  render           | Video append frame 143
01:48:47.388  render           | Video append frame 144
01:48:48.654  render           | Video append frame 145
01:48:49.913  render           | Video append frame 146
01:48:51.169  render           | Video append frame 147
01:48:52.459  render           | Video append frame 148
01:48:53.717  render           | Video append frame 149
01:48:54.993  render           | Video append frame 150
      CAM_A 150/450 frames (33%) 0.8 fps, about 6 min left
01:48:56.258  render           | Video append frame 151
01:48:57.531  render           | Video append frame 152
01:48:58.803  render           | Video append frame 153
01:49:00.085  render           | Video append frame 154
01:49:01.343  render           | Video append frame 155
01:49:02.631  render           | Video append frame 156
01:49:03.895  render           | Video append frame 157
01:49:05.160  render           | Video append frame 158
01:49:06.424  render           | Video append frame 159
01:49:07.706  render           | Video append frame 160
01:49:08.981  render           | Video append frame 161
01:49:10.259  render           | Video append frame 162
01:49:11.527  render           | Video append frame 163
01:49:12.802  render           | Video append frame 164
01:49:14.073  render           | Video append frame 165
01:49:15.374  render           | Video append frame 166
01:49:16.669  render           | Video append frame 167
01:49:17.920  render           | Video append frame 168
01:49:19.182  render           | Video append frame 169
01:49:20.459  render           | Video append frame 170
01:49:21.733  render           | Video append frame 171
01:49:23.018  render           | Video append frame 172
01:49:24.302  render           | Video append frame 173
01:49:25.573  render           | Video append frame 174
01:49:26.843  render           | Video append frame 175
      CAM_A 175/450 frames (38%) 0.8 fps, about 6 min left
01:49:28.121  render           | Video append frame 176
01:49:29.403  render           | Video append frame 177
01:49:30.723  render           | Video append frame 178
01:49:32.004  render           | Video append frame 179
01:49:33.301  render           | Video append frame 180
01:49:34.559  render           | Video append frame 181
01:49:35.842  render           | Video append frame 182
01:49:37.127  render           | Video append frame 183
01:49:38.405  render           | Video append frame 184
01:49:39.679  render           | Video append frame 185
01:49:40.947  render           | Video append frame 186
01:49:42.226  render           | Video append frame 187
01:49:43.505  render           | Video append frame 188
01:49:44.782  render           | Video append frame 189
01:49:46.058  render           | Video append frame 190
01:49:47.327  render           | Video append frame 191
01:49:48.597  render           | Video append frame 192
01:49:49.875  render           | Video append frame 193
01:49:51.149  render           | Video append frame 194
01:49:52.433  render           | Video append frame 195
01:49:53.745  render           | Video append frame 196
01:49:55.015  render           | Video append frame 197
01:49:56.284  render           | Video append frame 198
01:49:57.556  render           | Video append frame 199
01:49:58.828  render           | Video append frame 200
      CAM_A 200/450 frames (44%) 0.8 fps, about 5 min left
01:50:00.103  render           | Video append frame 201
01:50:01.379  render           | Video append frame 202
01:50:02.660  render           | Video append frame 203
01:50:03.941  render           | Video append frame 204
01:50:05.218  render           | Video append frame 205
01:50:06.483  render           | Video append frame 206
01:50:07.748  render           | Video append frame 207
01:50:09.012  render           | Video append frame 208
01:50:10.280  render           | Video append frame 209
01:50:11.559  render           | Video append frame 210
01:50:12.845  render           | Video append frame 211
01:50:14.126  render           | Video append frame 212
01:50:15.443  render           | Video append frame 213
01:50:16.702  render           | Video append frame 214
01:50:17.962  render           | Video append frame 215
01:50:19.234  render           | Video append frame 216
01:50:20.524  render           | Video append frame 217
01:50:21.809  render           | Video append frame 218
01:50:23.093  render           | Video append frame 219
01:50:24.381  render           | Video append frame 220
01:50:25.663  render           | Video append frame 221
01:50:26.942  render           | Video append frame 222
01:50:28.245  render           | Video append frame 223
01:50:29.521  render           | Video append frame 224
01:50:30.791  render           | Video append frame 225
      CAM_A 225/450 frames (50%) 0.8 fps, about 5 min left
01:50:32.055  render           | Video append frame 226
01:50:33.328  render           | Video append frame 227
01:50:34.631  render           | Video append frame 228
01:50:35.898  render           | Video append frame 229
01:50:37.158  render           | Video append frame 230
01:50:38.424  render           | Video append frame 231
01:50:39.701  render           | Video append frame 232
01:50:40.993  render           | Video append frame 233
01:50:42.267  render           | Video append frame 234
01:50:43.549  render           | Video append frame 235
01:50:44.822  render           | Video append frame 236
01:50:46.102  render           | Video append frame 237
01:50:47.381  render           | Video append frame 238
01:50:48.664  render           | Video append frame 239
01:50:49.934  render           | Video append frame 240
01:50:51.211  render           | Video append frame 241
01:50:52.469  render           | Video append frame 242
01:50:53.739  render           | Video append frame 243
01:50:55.025  render           | Video append frame 244
01:50:56.310  render           | Video append frame 245
01:50:57.578  render           | Video append frame 246
01:50:58.844  render           | Video append frame 247
01:51:00.120  render           | Video append frame 248
01:51:01.405  render           | Video append frame 249
01:51:02.666  render           | Video append frame 250
      CAM_A 250/450 frames (55%) 0.8 fps, about 4 min left
01:51:03.938  render           | Video append frame 251
01:51:05.201  render           | Video append frame 252
01:51:06.481  render           | Video append frame 253
01:51:07.747  render           | Video append frame 254
01:51:09.025  render           | Video append frame 255
01:51:10.295  render           | Video append frame 256
01:51:11.573  render           | Video append frame 257
01:51:12.849  render           | Video append frame 258
01:51:14.122  render           | Video append frame 259
01:51:15.424  render           | Video append frame 260
01:51:16.693  render           | Video append frame 261
01:51:17.965  render           | Video append frame 262
01:51:19.232  render           | Video append frame 263
01:51:20.507  render           | Video append frame 264
01:51:21.781  render           | Video append frame 265
01:51:23.059  render           | Video append frame 266
01:51:24.323  render           | Video append frame 267
01:51:25.598  render           | Video append frame 268
01:51:26.875  render           | Video append frame 269
01:51:28.158  render           | Video append frame 270
01:51:29.444  render           | Video append frame 271
01:51:30.717  render           | Video append frame 272
01:51:31.991  render           | Video append frame 273
01:51:33.253  render           | Video append frame 274
01:51:34.528  render           | Video append frame 275
      CAM_A 275/450 frames (61%) 0.8 fps, about 4 min left
01:51:35.794  render           | Video append frame 276
01:51:37.060  render           | Video append frame 277
01:51:38.339  render           | Video append frame 278
01:51:39.635  render           | Video append frame 279
01:51:40.906  render           | Video append frame 280
01:51:42.181  render           | Video append frame 281
01:51:43.483  render           | Video append frame 282
01:51:44.758  render           | Video append frame 283
01:51:46.042  render           | Video append frame 284
01:51:47.318  render           | Video append frame 285
01:51:48.604  render           | Video append frame 286
01:51:49.885  render           | Video append frame 287
01:51:51.158  render           | Video append frame 288
01:51:52.430  render           | Video append frame 289
01:51:53.697  render           | Video append frame 290
01:51:54.968  render           | Video append frame 291
01:51:56.245  render           | Video append frame 292
01:51:57.531  render           | Video append frame 293
01:51:58.809  render           | Video append frame 294
01:52:00.077  render           | Video append frame 295
01:52:01.348  render           | Video append frame 296
01:52:02.620  render           | Video append frame 297
01:52:03.907  render           | Video append frame 298
01:52:05.176  render           | Video append frame 299
01:52:06.447  render           | Video append frame 300
      CAM_A 300/450 frames (66%) 0.8 fps, about 3 min left
01:52:07.723  render           | Video append frame 301
01:52:08.998  render           | Video append frame 302
01:52:10.277  render           | Video append frame 303
01:52:11.560  render           | Video append frame 304
01:52:12.832  render           | Video append frame 305
01:52:14.102  render           | Video append frame 306
01:52:15.402  render           | Video append frame 307
01:52:16.671  render           | Video append frame 308
01:52:17.943  render           | Video append frame 309
01:52:19.219  render           | Video append frame 310
01:52:20.492  render           | Video append frame 311
01:52:21.766  render           | Video append frame 312
01:52:23.045  render           | Video append frame 313
01:52:24.318  render           | Video append frame 314
01:52:25.592  render           | Video append frame 315
01:52:26.884  render           | Video append frame 316
01:52:28.154  render           | Video append frame 317
01:52:29.416  render           | Video append frame 318
01:52:30.683  render           | Video append frame 319
01:52:31.948  render           | Video append frame 320
01:52:33.216  render           | Video append frame 321
01:52:34.489  render           | Video append frame 322
01:52:35.765  render           | Video append frame 323
01:52:37.033  render           | Video append frame 324
01:52:38.295  render           | Video append frame 325
      CAM_A 325/450 frames (72%) 0.8 fps, about 3 min left
01:52:39.558  render           | Video append frame 326
01:52:40.827  render           | Video append frame 327
01:52:42.098  render           | Video append frame 328
01:52:43.394  render           | Video append frame 329
01:52:44.650  render           | Video append frame 330
01:52:45.907  render           | Video append frame 331
01:52:47.176  render           | Video append frame 332
01:52:48.437  render           | Video append frame 333
01:52:49.697  render           | Video append frame 334
01:52:50.964  render           | Video append frame 335
01:52:52.232  render           | Video append frame 336
01:52:53.496  render           | Video append frame 337
01:52:54.769  render           | Video append frame 338
01:52:56.039  render           | Video append frame 339
01:52:57.318  render           | Video append frame 340
01:52:58.588  render           | Video append frame 341
01:52:59.889  render           | Video append frame 342
01:53:01.159  render           | Video append frame 343
01:53:02.438  render           | Video append frame 344
01:53:03.710  render           | Video append frame 345
01:53:04.973  render           | Video append frame 346
01:53:06.241  render           | Video append frame 347
01:53:07.516  render           | Video append frame 348
01:53:08.776  render           | Video append frame 349
01:53:10.035  render           | Video append frame 350
      CAM_A 350/450 frames (77%) 0.8 fps, about 2 min left
01:53:11.303  render           | Video append frame 351
01:53:12.585  render           | Video append frame 352
01:53:13.840  render           | Video append frame 353
01:53:15.112  render           | Video append frame 354
01:53:16.410  render           | Video append frame 355
01:53:17.670  render           | Video append frame 356
01:53:18.930  render           | Video append frame 357
01:53:20.194  render           | Video append frame 358
01:53:21.469  render           | Video append frame 359
01:53:22.729  render           | Video append frame 360
01:53:23.988  render           | Video append frame 361
01:53:25.248  render           | Video append frame 362
01:53:26.515  render           | Video append frame 363
01:53:27.808  render           | Video append frame 364
01:53:29.064  render           | Video append frame 365
01:53:30.331  render           | Video append frame 366
01:53:31.602  render           | Video append frame 367
01:53:32.875  render           | Video append frame 368
01:53:34.139  render           | Video append frame 369
01:53:35.399  render           | Video append frame 370
01:53:36.657  render           | Video append frame 371
01:53:37.919  render           | Video append frame 372
01:53:39.181  render           | Video append frame 373
01:53:40.440  render           | Video append frame 374
01:53:41.724  render           | Video append frame 375
      CAM_A 375/450 frames (83%) 0.8 fps, about 2 min left
01:53:42.976  render           | Video append frame 376
01:53:44.283  render           | Video append frame 377
01:53:45.664  render           | Video append frame 378
01:53:47.019  render           | Video append frame 379
01:53:48.262  render           | Video append frame 380
01:53:49.545  render           | Video append frame 381
01:53:50.830  render           | Video append frame 382
01:53:52.110  render           | Video append frame 383
01:53:53.391  render           | Video append frame 384
01:53:54.687  render           | Video append frame 385
01:53:55.980  render           | Video append frame 386
01:53:57.233  render           | Video append frame 387
01:53:58.538  render           | Video append frame 388
01:53:59.824  render           | Video append frame 389
01:54:01.098  render           | Video append frame 390
01:54:02.374  render           | Video append frame 391
01:54:03.642  render           | Video append frame 392
01:54:04.940  render           | Video append frame 393
01:54:06.214  render           | Video append frame 394
01:54:07.463  render           | Video append frame 395
01:54:08.746  render           | Video append frame 396
01:54:10.043  render           | Video append frame 397
01:54:11.333  render           | Video append frame 398
01:54:12.612  render           | Video append frame 399
01:54:13.870  render           | Video append frame 400
      CAM_A 400/450 frames (88%) 0.8 fps, about 1 min left
01:54:15.147  render           | Video append frame 401
01:54:16.473  render           | Video append frame 402
01:54:17.755  render           | Video append frame 403
01:54:19.014  render           | Video append frame 404
01:54:20.306  render           | Video append frame 405
01:54:21.564  render           | Video append frame 406
01:54:22.854  render           | Video append frame 407
01:54:24.146  render           | Video append frame 408
01:54:25.401  render           | Video append frame 409
01:54:26.665  render           | Video append frame 410
01:54:27.960  render           | Video append frame 411
01:54:29.222  render           | Video append frame 412
01:54:30.471  render           | Video append frame 413
01:54:31.742  render           | Video append frame 414
01:54:33.034  render           | Video append frame 415
01:54:34.288  render           | Video append frame 416
01:54:35.561  render           | Video append frame 417
01:54:36.852  render           | Video append frame 418
01:54:38.133  render           | Video append frame 419
01:54:39.396  render           | Video append frame 420
01:54:40.671  render           | Video append frame 421
01:54:41.943  render           | Video append frame 422
01:54:43.236  render           | Video append frame 423
01:54:44.513  render           | Video append frame 424
01:54:45.772  render           | Video append frame 425
      CAM_A 425/450 frames (94%) 0.8 fps, about 1 min left
01:54:47.048  render           | Video append frame 426
01:54:48.328  render           | Video append frame 427
01:54:49.589  render           | Video append frame 428
01:54:50.905  render           | Video append frame 429
01:54:52.250  render           | Video append frame 430
01:54:53.507  render           | Video append frame 431
01:54:54.756  render           | Video append frame 432
01:54:56.037  render           | Video append frame 433
01:54:57.334  render           | Video append frame 434
01:54:58.631  render           | Video append frame 435
01:54:59.888  render           | Video append frame 436
01:55:01.157  render           | Video append frame 437
01:55:02.413  render           | Video append frame 438
01:55:03.693  render           | Video append frame 439
01:55:04.948  render           | Video append frame 440
01:55:06.224  render           | Video append frame 441
01:55:07.509  render           | Video append frame 442
01:55:08.756  render           | Video append frame 443
01:55:10.033  render           | Video append frame 444
01:55:11.322  render           | Video append frame 445
01:55:12.564  render           | Video append frame 446
01:55:13.821  render           | Video append frame 447
01:55:15.117  render           | Video append frame 448
01:55:16.440  render           | Video append frame 449
01:55:17.719  render           | Video append frame 450
      CAM_A 450/450 frames (100%) 0.8 fps, about 0 min left
    finished CAM_A
    rendering CAM_B (2/3) 450 frames
01:55:18.905  render           | Video append frame 1
01:55:20.107  render           | Video append frame 2
01:55:21.291  render           | Video append frame 3
01:55:22.465  render           | Video append frame 4
01:55:23.644  render           | Video append frame 5
01:55:24.848  render           | Video append frame 6
01:55:26.014  render           | Video append frame 7
01:55:27.215  render           | Video append frame 8
01:55:28.372  render           | Video append frame 9
01:55:29.536  render           | Video append frame 10
01:55:30.722  render           | Video append frame 11
01:55:31.895  render           | Video append frame 12
01:55:33.061  render           | Video append frame 13
01:55:34.256  render           | Video append frame 14
01:55:35.459  render           | Video append frame 15
01:55:36.610  render           | Video append frame 16
01:55:37.763  render           | Video append frame 17
01:55:38.914  render           | Video append frame 18
01:55:40.116  render           | Video append frame 19
01:55:41.290  render           | Video append frame 20
01:55:42.475  render           | Video append frame 21
01:55:43.651  render           | Video append frame 22
01:55:44.859  render           | Video append frame 23
01:55:46.030  render           | Video append frame 24
01:55:47.207  render           | Video append frame 25
      CAM_B 25/450 frames (5%) 0.8 fps, about 8 min left
01:55:48.418  render           | Video append frame 26
01:55:49.601  render           | Video append frame 27
01:55:50.763  render           | Video append frame 28
01:55:51.933  render           | Video append frame 29
01:55:53.130  render           | Video append frame 30
01:55:54.311  render           | Video append frame 31
01:55:55.550  render           | Video append frame 32
01:55:56.746  render           | Video append frame 33
01:55:57.945  render           | Video append frame 34
01:55:59.149  render           | Video append frame 35
01:56:00.386  render           | Video append frame 36
01:56:01.607  render           | Video append frame 37
01:56:02.760  render           | Video append frame 38
01:56:03.920  render           | Video append frame 39
01:56:05.133  render           | Video append frame 40
01:56:06.299  render           | Video append frame 41
01:56:07.477  render           | Video append frame 42
01:56:08.652  render           | Video append frame 43
01:56:09.821  render           | Video append frame 44
01:56:10.995  render           | Video append frame 45
01:56:12.173  render           | Video append frame 46
01:56:13.352  render           | Video append frame 47
01:56:14.517  render           | Video append frame 48
01:56:15.747  render           | Video append frame 49
01:56:16.937  render           | Video append frame 50
      CAM_B 50/450 frames (11%) 0.8 fps, about 8 min left
01:56:18.129  render           | Video append frame 51
01:56:19.337  render           | Video append frame 52
01:56:20.494  render           | Video append frame 53
01:56:21.665  render           | Video append frame 54
01:56:22.849  render           | Video append frame 55
01:56:24.035  render           | Video append frame 56
01:56:25.239  render           | Video append frame 57
01:56:26.409  render           | Video append frame 58
01:56:27.578  render           | Video append frame 59
01:56:28.765  render           | Video append frame 60
01:56:29.934  render           | Video append frame 61
01:56:31.121  render           | Video append frame 62
01:56:32.303  render           | Video append frame 63
01:56:33.491  render           | Video append frame 64
01:56:34.647  render           | Video append frame 65
01:56:35.827  render           | Video append frame 66
01:56:36.992  render           | Video append frame 67
01:56:38.179  render           | Video append frame 68
01:56:39.344  render           | Video append frame 69
01:56:40.506  render           | Video append frame 70
01:56:41.678  render           | Video append frame 71
01:56:42.844  render           | Video append frame 72
01:56:44.013  render           | Video append frame 73
01:56:45.180  render           | Video append frame 74
01:56:46.376  render           | Video append frame 75
      CAM_B 75/450 frames (16%) 0.8 fps, about 7 min left
01:56:47.543  render           | Video append frame 76
01:56:48.710  render           | Video append frame 77
01:56:49.895  render           | Video append frame 78
01:56:51.052  render           | Video append frame 79
01:56:52.247  render           | Video append frame 80
01:56:53.393  render           | Video append frame 81
01:56:54.561  render           | Video append frame 82
01:56:55.728  render           | Video append frame 83
01:56:56.922  render           | Video append frame 84
01:56:58.087  render           | Video append frame 85
01:56:59.308  render           | Video append frame 86
01:57:00.520  render           | Video append frame 87
01:57:01.692  render           | Video append frame 88
01:57:02.891  render           | Video append frame 89
01:57:04.095  render           | Video append frame 90
01:57:05.259  render           | Video append frame 91
01:57:06.421  render           | Video append frame 92
01:57:07.591  render           | Video append frame 93
01:57:08.759  render           | Video append frame 94
01:57:09.951  render           | Video append frame 95
01:57:11.155  render           | Video append frame 96
01:57:12.316  render           | Video append frame 97
01:57:13.493  render           | Video append frame 98
01:57:14.668  render           | Video append frame 99
01:57:15.879  render           | Video append frame 100
      CAM_B 100/450 frames (22%) 0.8 fps, about 7 min left
01:57:17.057  render           | Video append frame 101
01:57:18.227  render           | Video append frame 102
01:57:19.379  render           | Video append frame 103
01:57:20.547  render           | Video append frame 104
01:57:21.748  render           | Video append frame 105
01:57:22.930  render           | Video append frame 106
01:57:24.131  render           | Video append frame 107
01:57:25.328  render           | Video append frame 108
01:57:26.522  render           | Video append frame 109
01:57:27.718  render           | Video append frame 110
01:57:28.902  render           | Video append frame 111
01:57:30.077  render           | Video append frame 112
01:57:31.264  render           | Video append frame 113
01:57:32.425  render           | Video append frame 114
01:57:33.629  render           | Video append frame 115
01:57:34.792  render           | Video append frame 116
01:57:35.943  render           | Video append frame 117
01:57:37.096  render           | Video append frame 118
01:57:38.268  render           | Video append frame 119
01:57:39.438  render           | Video append frame 120
01:57:40.596  render           | Video append frame 121
01:57:41.761  render           | Video append frame 122
01:57:42.908  render           | Video append frame 123
01:57:44.109  render           | Video append frame 124
01:57:45.277  render           | Video append frame 125
      CAM_B 125/450 frames (27%) 0.8 fps, about 6 min left
01:57:46.463  render           | Video append frame 126
01:57:47.614  render           | Video append frame 127
01:57:48.778  render           | Video append frame 128
01:57:49.934  render           | Video append frame 129
01:57:51.098  render           | Video append frame 130
01:57:52.259  render           | Video append frame 131
01:57:53.425  render           | Video append frame 132
01:57:54.575  render           | Video append frame 133
01:57:55.727  render           | Video append frame 134
01:57:56.882  render           | Video append frame 135
01:57:58.036  render           | Video append frame 136
01:57:59.191  render           | Video append frame 137
01:58:00.386  render           | Video append frame 138
01:58:01.527  render           | Video append frame 139
01:58:02.731  render           | Video append frame 140
01:58:03.870  render           | Video append frame 141
01:58:05.014  render           | Video append frame 142
01:58:06.158  render           | Video append frame 143
01:58:07.351  render           | Video append frame 144
01:58:08.511  render           | Video append frame 145
01:58:09.684  render           | Video append frame 146
01:58:10.852  render           | Video append frame 147
01:58:12.009  render           | Video append frame 148
01:58:13.158  render           | Video append frame 149
01:58:14.365  render           | Video append frame 150
      CAM_B 150/450 frames (33%) 0.8 fps, about 6 min left
01:58:15.563  render           | Video append frame 151
01:58:16.727  render           | Video append frame 152
01:58:17.928  render           | Video append frame 153
01:58:19.082  render           | Video append frame 154
01:58:20.269  render           | Video append frame 155
01:58:21.455  render           | Video append frame 156
01:58:22.624  render           | Video append frame 157
01:58:23.796  render           | Video append frame 158
01:58:24.958  render           | Video append frame 159
01:58:26.157  render           | Video append frame 160
01:58:27.353  render           | Video append frame 161
01:58:28.558  render           | Video append frame 162
01:58:29.725  render           | Video append frame 163
01:58:30.878  render           | Video append frame 164
01:58:32.065  render           | Video append frame 165
01:58:33.253  render           | Video append frame 166
01:58:34.412  render           | Video append frame 167
01:58:35.585  render           | Video append frame 168
01:58:36.785  render           | Video append frame 169
01:58:37.932  render           | Video append frame 170
01:58:39.087  render           | Video append frame 171
01:58:40.292  render           | Video append frame 172
01:58:41.444  render           | Video append frame 173
01:58:42.594  render           | Video append frame 174
01:58:43.797  render           | Video append frame 175
      CAM_B 175/450 frames (38%) 0.8 fps, about 5 min left
01:58:44.945  render           | Video append frame 176
01:58:46.111  render           | Video append frame 177
01:58:47.278  render           | Video append frame 178
01:58:48.446  render           | Video append frame 179
01:58:49.617  render           | Video append frame 180
01:58:50.841  render           | Video append frame 181
01:58:51.985  render           | Video append frame 182
01:58:53.169  render           | Video append frame 183
01:58:54.370  render           | Video append frame 184
01:58:55.546  render           | Video append frame 185
01:58:56.704  render           | Video append frame 186
01:58:57.917  render           | Video append frame 187
01:58:59.117  render           | Video append frame 188
01:59:00.302  render           | Video append frame 189
01:59:01.480  render           | Video append frame 190
01:59:02.631  render           | Video append frame 191
01:59:03.836  render           | Video append frame 192
01:59:04.993  render           | Video append frame 193
01:59:06.160  render           | Video append frame 194
01:59:07.406  render           | Video append frame 195
01:59:08.545  render           | Video append frame 196
01:59:09.700  render           | Video append frame 197
01:59:10.907  render           | Video append frame 198
01:59:12.061  render           | Video append frame 199
01:59:13.231  render           | Video append frame 200
      CAM_B 200/450 frames (44%) 0.8 fps, about 5 min left
01:59:14.439  render           | Video append frame 201
01:59:15.617  render           | Video append frame 202
01:59:16.796  render           | Video append frame 203
01:59:17.998  render           | Video append frame 204
01:59:19.197  render           | Video append frame 205
01:59:20.393  render           | Video append frame 206
01:59:21.591  render           | Video append frame 207
01:59:22.806  render           | Video append frame 208
01:59:23.958  render           | Video append frame 209
01:59:25.112  render           | Video append frame 210
01:59:26.280  render           | Video append frame 211
01:59:27.474  render           | Video append frame 212
01:59:28.627  render           | Video append frame 213
01:59:29.829  render           | Video append frame 214
01:59:31.044  render           | Video append frame 215
01:59:32.194  render           | Video append frame 216
01:59:33.432  render           | Video append frame 217
01:59:34.627  render           | Video append frame 218
01:59:35.832  render           | Video append frame 219
01:59:37.025  render           | Video append frame 220
01:59:38.193  render           | Video append frame 221
01:59:39.347  render           | Video append frame 222
01:59:40.526  render           | Video append frame 223
01:59:41.694  render           | Video append frame 224
01:59:42.905  render           | Video append frame 225
      CAM_B 225/450 frames (50%) 0.8 fps, about 4 min left
01:59:44.193  render           | Video append frame 226
01:59:45.389  render           | Video append frame 227
01:59:46.652  render           | Video append frame 228
01:59:47.889  render           | Video append frame 229
01:59:49.133  render           | Video append frame 230
01:59:50.297  render           | Video append frame 231
01:59:51.505  render           | Video append frame 232
01:59:52.689  render           | Video append frame 233
01:59:53.899  render           | Video append frame 234
01:59:55.082  render           | Video append frame 235
01:59:56.303  render           | Video append frame 236
01:59:57.497  render           | Video append frame 237
01:59:58.702  render           | Video append frame 238
01:59:59.897  render           | Video append frame 239
02:00:01.108  render           | Video append frame 240
02:00:02.298  render           | Video append frame 241
02:00:03.506  render           | Video append frame 242
02:00:04.708  render           | Video append frame 243
02:00:05.903  render           | Video append frame 244
02:00:07.117  render           | Video append frame 245
02:00:08.328  render           | Video append frame 246
02:00:09.573  render           | Video append frame 247
02:00:10.812  render           | Video append frame 248
02:00:12.015  render           | Video append frame 249
02:00:13.201  render           | Video append frame 250
      CAM_B 250/450 frames (55%) 0.8 fps, about 4 min left
02:00:14.418  render           | Video append frame 251
02:00:15.624  render           | Video append frame 252
02:00:16.811  render           | Video append frame 253
02:00:18.041  render           | Video append frame 254
02:00:19.230  render           | Video append frame 255
02:00:20.421  render           | Video append frame 256
02:00:21.607  render           | Video append frame 257
02:00:22.790  render           | Video append frame 258
02:00:24.033  render           | Video append frame 259
02:00:25.264  render           | Video append frame 260
02:00:26.462  render           | Video append frame 261
02:00:27.669  render           | Video append frame 262
02:00:28.845  render           | Video append frame 263
02:00:30.033  render           | Video append frame 264
02:00:31.288  render           | Video append frame 265
02:00:32.588  render           | Video append frame 266
02:00:33.782  render           | Video append frame 267
02:00:35.000  render           | Video append frame 268
02:00:36.217  render           | Video append frame 269
02:00:37.400  render           | Video append frame 270
02:00:38.577  render           | Video append frame 271
02:00:39.760  render           | Video append frame 272
02:00:41.013  render           | Video append frame 273
02:00:42.198  render           | Video append frame 274
02:00:43.394  render           | Video append frame 275
      CAM_B 275/450 frames (61%) 0.8 fps, about 3 min left
02:00:44.614  render           | Video append frame 276
02:00:45.815  render           | Video append frame 277
02:00:47.010  render           | Video append frame 278
02:00:48.261  render           | Video append frame 279
02:00:49.439  render           | Video append frame 280
02:00:50.671  render           | Video append frame 281
02:00:51.883  render           | Video append frame 282
02:00:53.088  render           | Video append frame 283
02:00:54.280  render           | Video append frame 284
02:00:55.478  render           | Video append frame 285
02:00:56.678  render           | Video append frame 286
02:00:57.913  render           | Video append frame 287
02:00:59.113  render           | Video append frame 288
02:01:00.287  render           | Video append frame 289
02:01:01.473  render           | Video append frame 290
02:01:02.686  render           | Video append frame 291
02:01:03.872  render           | Video append frame 292
02:01:05.056  render           | Video append frame 293
02:01:06.252  render           | Video append frame 294
02:01:07.442  render           | Video append frame 295
02:01:08.629  render           | Video append frame 296
02:01:09.815  render           | Video append frame 297
02:01:10.994  render           | Video append frame 298
02:01:12.182  render           | Video append frame 299
02:01:13.375  render           | Video append frame 300
      CAM_B 300/450 frames (66%) 0.8 fps, about 3 min left
02:01:14.584  render           | Video append frame 301
02:01:15.808  render           | Video append frame 302
02:01:17.022  render           | Video append frame 303
02:01:18.207  render           | Video append frame 304
02:01:19.400  render           | Video append frame 305
02:01:20.575  render           | Video append frame 306
02:01:21.756  render           | Video append frame 307
02:01:22.942  render           | Video append frame 308
02:01:24.124  render           | Video append frame 309
02:01:25.317  render           | Video append frame 310
02:01:26.578  render           | Video append frame 311
02:01:27.745  render           | Video append frame 312
02:01:28.931  render           | Video append frame 313
02:01:30.113  render           | Video append frame 314
02:01:31.310  render           | Video append frame 315
02:01:32.591  render           | Video append frame 316
02:01:33.779  render           | Video append frame 317
02:01:34.966  render           | Video append frame 318
02:01:36.169  render           | Video append frame 319
02:01:37.362  render           | Video append frame 320
02:01:38.574  render           | Video append frame 321
02:01:39.774  render           | Video append frame 322
02:01:40.980  render           | Video append frame 323
02:01:42.168  render           | Video append frame 324
02:01:43.386  render           | Video append frame 325
      CAM_B 325/450 frames (72%) 0.8 fps, about 2 min left
02:01:44.573  render           | Video append frame 326
02:01:45.775  render           | Video append frame 327
02:01:46.964  render           | Video append frame 328
02:01:48.150  render           | Video append frame 329
02:01:49.333  render           | Video append frame 330
02:01:50.567  render           | Video append frame 331
02:01:51.758  render           | Video append frame 332
02:01:52.945  render           | Video append frame 333
02:01:54.126  render           | Video append frame 334
02:01:55.306  render           | Video append frame 335
02:01:56.541  render           | Video append frame 336
02:01:57.722  render           | Video append frame 337
02:01:58.907  render           | Video append frame 338
02:02:00.090  render           | Video append frame 339
02:02:01.277  render           | Video append frame 340
02:02:02.469  render           | Video append frame 341
02:02:03.649  render           | Video append frame 342
02:02:04.831  render           | Video append frame 343
02:02:06.026  render           | Video append frame 344
02:02:07.221  render           | Video append frame 345
02:02:08.414  render           | Video append frame 346
02:02:09.603  render           | Video append frame 347
02:02:10.792  render           | Video append frame 348
02:02:11.988  render           | Video append frame 349
02:02:13.169  render           | Video append frame 350
      CAM_B 350/450 frames (77%) 0.8 fps, about 2 min left
02:02:14.367  render           | Video append frame 351
02:02:15.563  render           | Video append frame 352
02:02:16.748  render           | Video append frame 353
02:02:17.939  render           | Video append frame 354
02:02:19.155  render           | Video append frame 355
02:02:20.347  render           | Video append frame 356
02:02:21.529  render           | Video append frame 357
02:02:22.724  render           | Video append frame 358
02:02:23.930  render           | Video append frame 359
02:02:25.124  render           | Video append frame 360
02:02:26.300  render           | Video append frame 361
02:02:27.477  render           | Video append frame 362
02:02:28.662  render           | Video append frame 363
02:02:29.849  render           | Video append frame 364
02:02:31.029  render           | Video append frame 365
02:02:32.220  render           | Video append frame 366
02:02:33.413  render           | Video append frame 367
02:02:34.591  render           | Video append frame 368
02:02:35.773  render           | Video append frame 369
02:02:36.962  render           | Video append frame 370
02:02:38.144  render           | Video append frame 371
02:02:39.338  render           | Video append frame 372
02:02:40.529  render           | Video append frame 373
02:02:41.712  render           | Video append frame 374
02:02:42.898  render           | Video append frame 375
      CAM_B 375/450 frames (83%) 0.8 fps, about 1 min left
02:02:44.083  render           | Video append frame 376
02:02:45.270  render           | Video append frame 377
02:02:46.462  render           | Video append frame 378
02:02:47.649  render           | Video append frame 379
02:02:48.824  render           | Video append frame 380
02:02:50.012  render           | Video append frame 381
02:02:51.199  render           | Video append frame 382
02:02:52.396  render           | Video append frame 383
02:02:53.614  render           | Video append frame 384
02:02:54.801  render           | Video append frame 385
02:02:55.981  render           | Video append frame 386
02:02:57.209  render           | Video append frame 387
02:02:58.411  render           | Video append frame 388
02:02:59.596  render           | Video append frame 389
02:03:00.777  render           | Video append frame 390
02:03:01.973  render           | Video append frame 391
02:03:03.174  render           | Video append frame 392
02:03:04.365  render           | Video append frame 393
02:03:05.549  render           | Video append frame 394
02:03:06.742  render           | Video append frame 395
02:03:07.944  render           | Video append frame 396
02:03:09.129  render           | Video append frame 397
02:03:10.316  render           | Video append frame 398
02:03:11.508  render           | Video append frame 399
02:03:12.691  render           | Video append frame 400
      CAM_B 400/450 frames (88%) 0.8 fps, about 1 min left
02:03:13.922  render           | Video append frame 401
02:03:15.103  render           | Video append frame 402
02:03:16.305  render           | Video append frame 403
02:03:17.489  render           | Video append frame 404
02:03:18.671  render           | Video append frame 405
02:03:19.853  render           | Video append frame 406
02:03:21.040  render           | Video append frame 407
02:03:22.229  render           | Video append frame 408
02:03:23.430  render           | Video append frame 409
02:03:24.631  render           | Video append frame 410
02:03:25.811  render           | Video append frame 411
02:03:26.991  render           | Video append frame 412
02:03:28.177  render           | Video append frame 413
02:03:29.357  render           | Video append frame 414
02:03:30.544  render           | Video append frame 415
02:03:31.730  render           | Video append frame 416
02:03:32.919  render           | Video append frame 417
02:03:34.113  render           | Video append frame 418
02:03:35.297  render           | Video append frame 419
02:03:36.475  render           | Video append frame 420
02:03:37.656  render           | Video append frame 421
02:03:38.840  render           | Video append frame 422
02:03:40.039  render           | Video append frame 423
02:03:41.222  render           | Video append frame 424
02:03:42.402  render           | Video append frame 425
      CAM_B 425/450 frames (94%) 0.8 fps, about 0 min left
02:03:43.586  render           | Video append frame 426
02:03:44.773  render           | Video append frame 427
02:03:45.955  render           | Video append frame 428
02:03:47.143  render           | Video append frame 429
02:03:48.323  render           | Video append frame 430
02:03:49.503  render           | Video append frame 431
02:03:50.697  render           | Video append frame 432
02:03:51.885  render           | Video append frame 433
02:03:53.064  render           | Video append frame 434
02:03:54.242  render           | Video append frame 435
02:03:55.422  render           | Video append frame 436
02:03:56.608  render           | Video append frame 437
02:03:57.788  render           | Video append frame 438
02:03:58.970  render           | Video append frame 439
02:04:00.161  render           | Video append frame 440
02:04:01.345  render           | Video append frame 441
02:04:02.534  render           | Video append frame 442
02:04:03.720  render           | Video append frame 443
02:04:04.896  render           | Video append frame 444
02:04:06.086  render           | Video append frame 445
02:04:07.271  render           | Video append frame 446
02:04:08.456  render           | Video append frame 447
02:04:09.633  render           | Video append frame 448
02:04:10.819  render           | Video append frame 449
02:04:12.010  render           | Video append frame 450
      CAM_B 450/450 frames (100%) 0.8 fps, about 0 min left
    finished CAM_B
    rendering CAM_C (3/3) 450 frames
02:04:13.388  render           | Video append frame 1
02:04:14.746  render           | Video append frame 2
02:04:16.163  render           | Video append frame 3
02:04:17.510  render           | Video append frame 4
02:04:18.849  render           | Video append frame 5
02:04:20.191  render           | Video append frame 6
02:04:21.535  render           | Video append frame 7
02:04:22.875  render           | Video append frame 8
02:04:24.220  render           | Video append frame 9
02:04:25.582  render           | Video append frame 10
02:04:26.984  render           | Video append frame 11
02:04:28.341  render           | Video append frame 12
02:04:29.675  render           | Video append frame 13
02:04:31.015  render           | Video append frame 14
02:04:32.361  render           | Video append frame 15
02:04:33.722  render           | Video append frame 16
02:04:35.054  render           | Video append frame 17
02:04:36.401  render           | Video append frame 18
02:04:37.740  render           | Video append frame 19
02:04:39.089  render           | Video append frame 20
02:04:40.441  render           | Video append frame 21
02:04:41.780  render           | Video append frame 22
02:04:43.127  render           | Video append frame 23
02:04:44.491  render           | Video append frame 24
02:04:45.840  render           | Video append frame 25
      CAM_C 25/450 frames (5%) 0.7 fps, about 10 min left
02:04:47.181  render           | Video append frame 26
02:04:48.532  render           | Video append frame 27
02:04:49.894  render           | Video append frame 28
02:04:51.235  render           | Video append frame 29
02:04:52.585  render           | Video append frame 30
02:04:53.934  render           | Video append frame 31
02:04:55.287  render           | Video append frame 32
02:04:56.644  render           | Video append frame 33
02:04:57.993  render           | Video append frame 34
02:04:59.346  render           | Video append frame 35
02:05:00.702  render           | Video append frame 36
02:05:02.063  render           | Video append frame 37
02:05:03.409  render           | Video append frame 38
02:05:04.779  render           | Video append frame 39
02:05:06.139  render           | Video append frame 40
02:05:07.508  render           | Video append frame 41
02:05:08.865  render           | Video append frame 42
02:05:10.247  render           | Video append frame 43
02:05:11.628  render           | Video append frame 44
02:05:12.994  render           | Video append frame 45
02:05:14.365  render           | Video append frame 46
02:05:15.756  render           | Video append frame 47
02:05:17.124  render           | Video append frame 48
02:05:18.471  render           | Video append frame 49
02:05:19.835  render           | Video append frame 50
      CAM_C 50/450 frames (11%) 0.7 fps, about 9 min left
02:05:21.212  render           | Video append frame 51
02:05:22.564  render           | Video append frame 52
02:05:23.926  render           | Video append frame 53
02:05:25.294  render           | Video append frame 54
02:05:26.657  render           | Video append frame 55
02:05:28.015  render           | Video append frame 56
02:05:29.384  render           | Video append frame 57
02:05:30.776  render           | Video append frame 58
02:05:32.151  render           | Video append frame 59
02:05:33.504  render           | Video append frame 60
02:05:34.873  render           | Video append frame 61
02:05:36.269  render           | Video append frame 62
02:05:37.670  render           | Video append frame 63
02:05:39.091  render           | Video append frame 64
02:05:40.538  render           | Video append frame 65
02:05:41.915  render           | Video append frame 66
02:05:43.283  render           | Video append frame 67
02:05:44.651  render           | Video append frame 68
02:05:46.094  render           | Video append frame 69
02:05:47.441  render           | Video append frame 70
02:05:48.811  render           | Video append frame 71
02:05:50.169  render           | Video append frame 72
02:05:51.544  render           | Video append frame 73
02:05:52.913  render           | Video append frame 74
02:05:54.291  render           | Video append frame 75
      CAM_C 75/450 frames (16%) 0.7 fps, about 9 min left
02:05:55.681  render           | Video append frame 76
02:05:57.050  render           | Video append frame 77
02:05:58.424  render           | Video append frame 78
02:05:59.798  render           | Video append frame 79
02:06:01.167  render           | Video append frame 80
02:06:02.547  render           | Video append frame 81
02:06:03.924  render           | Video append frame 82
02:06:05.300  render           | Video append frame 83
02:06:06.676  render           | Video append frame 84
02:06:08.036  render           | Video append frame 85
02:06:09.412  render           | Video append frame 86
02:06:10.795  render           | Video append frame 87
02:06:12.167  render           | Video append frame 88
02:06:13.541  render           | Video append frame 89
02:06:14.912  render           | Video append frame 90
02:06:16.356  render           | Video append frame 91
02:06:17.706  render           | Video append frame 92
02:06:19.068  render           | Video append frame 93
02:06:20.442  render           | Video append frame 94
02:06:21.821  render           | Video append frame 95
02:06:23.197  render           | Video append frame 96
02:06:24.622  render           | Video append frame 97
02:06:26.014  render           | Video append frame 98
02:06:27.394  render           | Video append frame 99
02:06:28.877  render           | Video append frame 100
      CAM_C 100/450 frames (22%) 0.7 fps, about 8 min left
02:06:30.233  render           | Video append frame 101
02:06:31.605  render           | Video append frame 102
02:06:32.987  render           | Video append frame 103
02:06:34.370  render           | Video append frame 104
02:06:35.807  render           | Video append frame 105
02:06:37.239  render           | Video append frame 106
02:06:38.632  render           | Video append frame 107
02:06:40.005  render           | Video append frame 108
02:06:41.422  render           | Video append frame 109
02:06:42.790  render           | Video append frame 110
02:06:44.172  render           | Video append frame 111
02:06:45.554  render           | Video append frame 112
02:06:46.996  render           | Video append frame 113
02:06:48.333  render           | Video append frame 114
02:06:49.712  render           | Video append frame 115
02:06:51.086  render           | Video append frame 116
02:06:52.475  render           | Video append frame 117
02:06:53.853  render           | Video append frame 118
02:06:55.238  render           | Video append frame 119
02:06:56.618  render           | Video append frame 120
02:06:58.051  render           | Video append frame 121
02:06:59.405  render           | Video append frame 122
02:07:00.832  render           | Video append frame 123
02:07:02.221  render           | Video append frame 124
02:07:03.586  render           | Video append frame 125
      CAM_C 125/450 frames (27%) 0.7 fps, about 7 min left
02:07:04.966  render           | Video append frame 126
02:07:06.354  render           | Video append frame 127
02:07:07.731  render           | Video append frame 128
02:07:09.116  render           | Video append frame 129
02:07:10.501  render           | Video append frame 130
02:07:11.882  render           | Video append frame 131
02:07:13.258  render           | Video append frame 132
02:07:14.648  render           | Video append frame 133
02:07:16.082  render           | Video append frame 134
02:07:17.423  render           | Video append frame 135
02:07:18.786  render           | Video append frame 136
02:07:20.174  render           | Video append frame 137
02:07:21.562  render           | Video append frame 138
02:07:22.940  render           | Video append frame 139
02:07:24.324  render           | Video append frame 140
02:07:25.706  render           | Video append frame 141
02:07:27.089  render           | Video append frame 142
02:07:28.490  render           | Video append frame 143
02:07:29.871  render           | Video append frame 144
02:07:31.255  render           | Video append frame 145
02:07:32.637  render           | Video append frame 146
02:07:34.025  render           | Video append frame 147
02:07:35.406  render           | Video append frame 148
02:07:36.788  render           | Video append frame 149
02:07:38.200  render           | Video append frame 150
      CAM_C 150/450 frames (33%) 0.7 fps, about 7 min left
02:07:39.604  render           | Video append frame 151
02:07:40.954  render           | Video append frame 152
02:07:42.331  render           | Video append frame 153
02:07:43.710  render           | Video append frame 154
02:07:45.097  render           | Video append frame 155
02:07:46.485  render           | Video append frame 156
02:07:47.872  render           | Video append frame 157
02:07:49.248  render           | Video append frame 158
02:07:50.623  render           | Video append frame 159
02:07:52.002  render           | Video append frame 160
02:07:53.391  render           | Video append frame 161
02:07:54.776  render           | Video append frame 162
02:07:56.151  render           | Video append frame 163
02:07:57.539  render           | Video append frame 164
02:07:58.911  render           | Video append frame 165
02:08:00.287  render           | Video append frame 166
02:08:01.668  render           | Video append frame 167
02:08:03.049  render           | Video append frame 168
02:08:04.422  render           | Video append frame 169
02:08:05.801  render           | Video append frame 170
02:08:07.196  render           | Video append frame 171
02:08:08.568  render           | Video append frame 172
02:08:09.955  render           | Video append frame 173
02:08:11.330  render           | Video append frame 174
02:08:12.714  render           | Video append frame 175
      CAM_C 175/450 frames (38%) 0.7 fps, about 6 min left
02:08:14.094  render           | Video append frame 176
02:08:15.474  render           | Video append frame 177
02:08:16.879  render           | Video append frame 178
02:08:18.233  render           | Video append frame 179
02:08:19.598  render           | Video append frame 180
02:08:20.974  render           | Video append frame 181
02:08:22.354  render           | Video append frame 182
02:08:23.733  render           | Video append frame 183
02:08:25.103  render           | Video append frame 184
02:08:26.471  render           | Video append frame 185
02:08:27.849  render           | Video append frame 186
02:08:29.230  render           | Video append frame 187
02:08:30.600  render           | Video append frame 188
02:08:32.001  render           | Video append frame 189
02:08:33.382  render           | Video append frame 190
02:08:34.756  render           | Video append frame 191
02:08:36.141  render           | Video append frame 192
02:08:37.525  render           | Video append frame 193
02:08:38.908  render           | Video append frame 194
02:08:40.285  render           | Video append frame 195
02:08:41.652  render           | Video append frame 196
02:08:43.058  render           | Video append frame 197
02:08:44.403  render           | Video append frame 198
02:08:45.779  render           | Video append frame 199
02:08:47.149  render           | Video append frame 200
      CAM_C 200/450 frames (44%) 0.7 fps, about 6 min left
02:08:48.523  render           | Video append frame 201
02:08:49.900  render           | Video append frame 202
02:08:51.263  render           | Video append frame 203
02:08:52.639  render           | Video append frame 204
02:08:54.018  render           | Video append frame 205
02:08:55.391  render           | Video append frame 206
02:08:56.757  render           | Video append frame 207
02:08:58.134  render           | Video append frame 208
02:08:59.496  render           | Video append frame 209
02:09:00.872  render           | Video append frame 210
02:09:02.248  render           | Video append frame 211
02:09:03.603  render           | Video append frame 212
02:09:04.969  render           | Video append frame 213
02:09:06.333  render           | Video append frame 214
02:09:07.699  render           | Video append frame 215
02:09:09.066  render           | Video append frame 216
02:09:10.432  render           | Video append frame 217
02:09:11.811  render           | Video append frame 218
02:09:13.181  render           | Video append frame 219
02:09:14.560  render           | Video append frame 220
02:09:15.931  render           | Video append frame 221
02:09:17.312  render           | Video append frame 222
02:09:18.681  render           | Video append frame 223
02:09:20.039  render           | Video append frame 224
02:09:21.416  render           | Video append frame 225
      CAM_C 225/450 frames (50%) 0.7 fps, about 5 min left
02:09:22.775  render           | Video append frame 226
02:09:24.146  render           | Video append frame 227
02:09:25.512  render           | Video append frame 228
02:09:26.869  render           | Video append frame 229
02:09:28.243  render           | Video append frame 230
02:09:29.609  render           | Video append frame 231
02:09:30.971  render           | Video append frame 232
02:09:32.346  render           | Video append frame 233
02:09:33.701  render           | Video append frame 234
02:09:35.074  render           | Video append frame 235
02:09:36.430  render           | Video append frame 236
02:09:37.799  render           | Video append frame 237
02:09:39.166  render           | Video append frame 238
02:09:40.538  render           | Video append frame 239
02:09:41.908  render           | Video append frame 240
02:09:43.276  render           | Video append frame 241
02:09:44.642  render           | Video append frame 242
02:09:46.015  render           | Video append frame 243
02:09:47.415  render           | Video append frame 244
02:09:48.742  render           | Video append frame 245
02:09:50.089  render           | Video append frame 246
02:09:51.463  render           | Video append frame 247
02:09:52.834  render           | Video append frame 248
02:09:54.193  render           | Video append frame 249
02:09:55.550  render           | Video append frame 250
      CAM_C 250/450 frames (55%) 0.7 fps, about 5 min left
02:09:56.909  render           | Video append frame 251
02:09:58.277  render           | Video append frame 252
02:09:59.637  render           | Video append frame 253
02:10:01.000  render           | Video append frame 254
02:10:02.350  render           | Video append frame 255
02:10:03.707  render           | Video append frame 256
02:10:05.079  render           | Video append frame 257
02:10:06.443  render           | Video append frame 258
02:10:07.824  render           | Video append frame 259
02:10:09.189  render           | Video append frame 260
02:10:10.553  render           | Video append frame 261
02:10:11.919  render           | Video append frame 262
02:10:13.286  render           | Video append frame 263
02:10:14.649  render           | Video append frame 264
02:10:16.020  render           | Video append frame 265
02:10:17.391  render           | Video append frame 266
02:10:18.754  render           | Video append frame 267
02:10:20.111  render           | Video append frame 268
02:10:21.470  render           | Video append frame 269
02:10:22.843  render           | Video append frame 270
02:10:24.199  render           | Video append frame 271
02:10:25.562  render           | Video append frame 272
02:10:26.929  render           | Video append frame 273
02:10:28.301  render           | Video append frame 274
02:10:29.667  render           | Video append frame 275
      CAM_C 275/450 frames (61%) 0.7 fps, about 4 min left
02:10:31.018  render           | Video append frame 276
02:10:32.377  render           | Video append frame 277
02:10:33.729  render           | Video append frame 278
02:10:35.082  render           | Video append frame 279
02:10:36.435  render           | Video append frame 280
02:10:37.806  render           | Video append frame 281
02:10:39.158  render           | Video append frame 282
02:10:40.513  render           | Video append frame 283
02:10:41.880  render           | Video append frame 284
02:10:43.249  render           | Video append frame 285
02:10:44.602  render           | Video append frame 286
02:10:45.955  render           | Video append frame 287
02:10:47.313  render           | Video append frame 288
02:10:48.667  render           | Video append frame 289
02:10:50.018  render           | Video append frame 290
02:10:51.410  render           | Video append frame 291
02:10:52.742  render           | Video append frame 292
02:10:54.085  render           | Video append frame 293
02:10:55.462  render           | Video append frame 294
02:10:56.799  render           | Video append frame 295
02:10:58.155  render           | Video append frame 296
02:10:59.522  render           | Video append frame 297
02:11:00.887  render           | Video append frame 298
02:11:02.248  render           | Video append frame 299
02:11:03.599  render           | Video append frame 300
      CAM_C 300/450 frames (66%) 0.7 fps, about 3 min left
02:11:04.961  render           | Video append frame 301
02:11:06.319  render           | Video append frame 302
02:11:07.692  render           | Video append frame 303
02:11:09.046  render           | Video append frame 304
02:11:10.408  render           | Video append frame 305
02:11:11.763  render           | Video append frame 306
02:11:13.116  render           | Video append frame 307
02:11:14.466  render           | Video append frame 308
02:11:15.826  render           | Video append frame 309
02:11:17.214  render           | Video append frame 310
02:11:18.544  render           | Video append frame 311
02:11:19.905  render           | Video append frame 312
02:11:21.270  render           | Video append frame 313
02:11:22.630  render           | Video append frame 314
02:11:23.994  render           | Video append frame 315
02:11:25.343  render           | Video append frame 316
02:11:26.704  render           | Video append frame 317
02:11:28.073  render           | Video append frame 318
02:11:29.426  render           | Video append frame 319
02:11:30.772  render           | Video append frame 320
02:11:32.120  render           | Video append frame 321
02:11:33.477  render           | Video append frame 322
02:11:34.825  render           | Video append frame 323
02:11:36.173  render           | Video append frame 324
02:11:37.543  render           | Video append frame 325
      CAM_C 325/450 frames (72%) 0.7 fps, about 3 min left
02:11:38.920  render           | Video append frame 326
02:11:40.295  render           | Video append frame 327
02:11:41.664  render           | Video append frame 328
02:11:43.030  render           | Video append frame 329
02:11:44.398  render           | Video append frame 330
02:11:45.765  render           | Video append frame 331
02:11:47.144  render           | Video append frame 332
02:11:48.527  render           | Video append frame 333
02:11:49.890  render           | Video append frame 334
02:11:51.279  render           | Video append frame 335
02:11:52.646  render           | Video append frame 336
02:11:54.013  render           | Video append frame 337
02:11:55.420  render           | Video append frame 338
02:11:56.802  render           | Video append frame 339
02:11:58.168  render           | Video append frame 340
02:11:59.539  render           | Video append frame 341
02:12:00.906  render           | Video append frame 342
02:12:02.276  render           | Video append frame 343
02:12:03.637  render           | Video append frame 344
02:12:05.012  render           | Video append frame 345
02:12:06.382  render           | Video append frame 346
02:12:07.755  render           | Video append frame 347
02:12:09.115  render           | Video append frame 348
02:12:10.486  render           | Video append frame 349
02:12:11.854  render           | Video append frame 350
      CAM_C 350/450 frames (77%) 0.7 fps, about 2 min left
02:12:13.228  render           | Video append frame 351
02:12:14.598  render           | Video append frame 352
02:12:15.973  render           | Video append frame 353
02:12:17.345  render           | Video append frame 354
02:12:18.709  render           | Video append frame 355
02:12:20.102  render           | Video append frame 356
02:12:21.475  render           | Video append frame 357
02:12:22.823  render           | Video append frame 358
02:12:24.182  render           | Video append frame 359
02:12:25.563  render           | Video append frame 360
02:12:26.932  render           | Video append frame 361
02:12:28.305  render           | Video append frame 362
02:12:29.677  render           | Video append frame 363
02:12:31.037  render           | Video append frame 364
02:12:32.409  render           | Video append frame 365
02:12:33.777  render           | Video append frame 366
02:12:35.154  render           | Video append frame 367
02:12:36.510  render           | Video append frame 368
02:12:37.872  render           | Video append frame 369
02:12:39.244  render           | Video append frame 370
02:12:40.625  render           | Video append frame 371
02:12:41.990  render           | Video append frame 372
02:12:43.355  render           | Video append frame 373
02:12:44.726  render           | Video append frame 374
02:12:46.092  render           | Video append frame 375
      CAM_C 375/450 frames (83%) 0.7 fps, about 2 min left
02:12:47.461  render           | Video append frame 376
02:12:48.834  render           | Video append frame 377
02:12:50.211  render           | Video append frame 378
02:12:51.578  render           | Video append frame 379
02:12:52.941  render           | Video append frame 380
02:12:54.311  render           | Video append frame 381
02:12:55.671  render           | Video append frame 382
02:12:57.043  render           | Video append frame 383
02:12:58.414  render           | Video append frame 384
02:12:59.785  render           | Video append frame 385
02:13:01.143  render           | Video append frame 386
02:13:02.497  render           | Video append frame 387
02:13:03.865  render           | Video append frame 388
02:13:05.245  render           | Video append frame 389
02:13:06.613  render           | Video append frame 390
02:13:07.978  render           | Video append frame 391
02:13:09.344  render           | Video append frame 392
02:13:10.709  render           | Video append frame 393
02:13:12.080  render           | Video append frame 394
02:13:13.455  render           | Video append frame 395
02:13:14.818  render           | Video append frame 396
02:13:16.180  render           | Video append frame 397
02:13:17.550  render           | Video append frame 398
02:13:18.925  render           | Video append frame 399
02:13:20.288  render           | Video append frame 400
      CAM_C 400/450 frames (88%) 0.7 fps, about 1 min left
02:13:21.656  render           | Video append frame 401
02:13:23.016  render           | Video append frame 402
02:13:24.373  render           | Video append frame 403
02:13:25.754  render           | Video append frame 404
02:13:27.109  render           | Video append frame 405
02:13:28.475  render           | Video append frame 406
02:13:29.837  render           | Video append frame 407
02:13:31.209  render           | Video append frame 408
02:13:32.555  render           | Video append frame 409
02:13:33.918  render           | Video append frame 410
02:13:35.295  render           | Video append frame 411
02:13:36.662  render           | Video append frame 412
02:13:38.019  render           | Video append frame 413
02:13:39.386  render           | Video append frame 414
02:13:40.748  render           | Video append frame 415
02:13:42.105  render           | Video append frame 416
02:13:43.477  render           | Video append frame 417
02:13:44.841  render           | Video append frame 418
02:13:46.202  render           | Video append frame 419
02:13:47.569  render           | Video append frame 420
02:13:48.939  render           | Video append frame 421
02:13:50.303  render           | Video append frame 422
02:13:51.676  render           | Video append frame 423
02:13:53.147  render           | Video append frame 424
02:13:54.609  render           | Video append frame 425
      CAM_C 425/450 frames (94%) 0.7 fps, about 1 min left
02:13:56.597  render           | Video append frame 426
02:13:58.369  render           | Video append frame 427
02:14:00.176  render           | Video append frame 428
02:14:01.617  render           | Video append frame 429
02:14:03.059  render           | Video append frame 430
02:14:04.511  render           | Video append frame 431
02:14:06.097  render           | Video append frame 432
02:14:07.624  render           | Video append frame 433
02:14:09.066  render           | Video append frame 434
02:14:10.428  render           | Video append frame 435
02:14:11.810  render           | Video append frame 436
02:14:13.202  render           | Video append frame 437
02:14:14.624  render           | Video append frame 438
02:14:16.032  render           | Video append frame 439
02:14:17.416  render           | Video append frame 440
02:14:18.841  render           | Video append frame 441
02:14:20.208  render           | Video append frame 442
02:14:21.597  render           | Video append frame 443
02:14:22.971  render           | Video append frame 444
02:14:24.399  render           | Video append frame 445
02:14:25.784  render           | Video append frame 446
02:14:27.162  render           | Video append frame 447
02:14:28.597  render           | Video append frame 448
02:14:30.001  render           | Video append frame 449
02:14:31.390  render           | Video append frame 450
      CAM_C 450/450 frames (100%) 0.7 fps, about 0 min left
    finished CAM_C
  observations : 1388
  events       : 17
  written to   : /Users/adityasingh/codes/Rewind/data/samples/case_04

[5/6] case_05 — NEAR_MISS (450 frames)
    frame 0/450  observations 1
    frame 50/450  observations 51
    frame 100/450  observations 221
    frame 150/450  observations 515
    frame 200/450  observations 815
    frame 250/450  observations 1034
    frame 300/450  observations 1184
    frame 350/450  observations 1327
    frame 400/450  observations 1408
    rendering CAM_A (1/3) 450 frames
02:14:37.317  render           | Video append frame 1
02:14:38.521  render           | Video append frame 2
02:14:39.734  render           | Video append frame 3
02:14:40.942  render           | Video append frame 4
02:14:42.178  render           | Video append frame 5
02:14:43.478  render           | Video append frame 6
02:14:44.850  render           | Video append frame 7
02:14:46.117  render           | Video append frame 8
02:14:47.390  render           | Video append frame 9
02:14:48.689  render           | Video append frame 10
02:14:50.032  render           | Video append frame 11
02:14:51.335  render           | Video append frame 12
02:14:52.600  render           | Video append frame 13
02:14:53.884  render           | Video append frame 14
02:14:55.234  render           | Video append frame 15
02:14:56.499  render           | Video append frame 16
02:14:57.803  render           | Video append frame 17
02:14:59.292  render           | Video append frame 18
02:15:00.974  render           | Video append frame 19
02:15:02.536  render           | Video append frame 20
02:15:03.802  render           | Video append frame 21
02:15:05.100  render           | Video append frame 22
02:15:06.421  render           | Video append frame 23
02:15:07.745  render           | Video append frame 24
02:15:09.058  render           | Video append frame 25
      CAM_A 25/450 frames (5%) 0.8 fps, about 9 min left
02:15:10.383  render           | Video append frame 26
02:15:11.711  render           | Video append frame 27
02:15:12.995  render           | Video append frame 28
02:15:14.303  render           | Video append frame 29
02:15:15.640  render           | Video append frame 30
02:15:16.992  render           | Video append frame 31
02:15:18.256  render           | Video append frame 32
02:15:19.583  render           | Video append frame 33
02:15:20.887  render           | Video append frame 34
02:15:22.184  render           | Video append frame 35
02:15:23.499  render           | Video append frame 36
02:15:24.802  render           | Video append frame 37
02:15:26.116  render           | Video append frame 38
02:15:27.426  render           | Video append frame 39
02:15:28.726  render           | Video append frame 40
02:15:30.034  render           | Video append frame 41
02:15:31.350  render           | Video append frame 42
02:15:32.643  render           | Video append frame 43
02:15:33.944  render           | Video append frame 44
02:15:35.270  render           | Video append frame 45
02:15:36.556  render           | Video append frame 46
02:15:37.863  render           | Video append frame 47
02:15:39.193  render           | Video append frame 48
02:15:40.478  render           | Video append frame 49
02:15:41.782  render           | Video append frame 50
      CAM_A 50/450 frames (11%) 0.8 fps, about 9 min left
02:15:43.100  render           | Video append frame 51
02:15:44.440  render           | Video append frame 52
02:15:45.725  render           | Video append frame 53
02:15:47.026  render           | Video append frame 54
02:15:48.341  render           | Video append frame 55
02:15:49.654  render           | Video append frame 56
02:15:50.998  render           | Video append frame 57
02:15:52.448  render           | Video append frame 58
02:15:53.721  render           | Video append frame 59
02:15:54.985  render           | Video append frame 60
02:15:56.305  render           | Video append frame 61
02:15:57.653  render           | Video append frame 62
02:15:58.954  render           | Video append frame 63
02:16:00.355  render           | Video append frame 64
02:16:02.150  render           | Video append frame 65
02:16:03.592  render           | Video append frame 66
02:16:04.920  render           | Video append frame 67
02:16:06.324  render           | Video append frame 68
02:16:07.742  render           | Video append frame 69
02:16:09.029  render           | Video append frame 70
02:16:10.446  render           | Video append frame 71
02:16:12.013  render           | Video append frame 72
02:16:13.346  render           | Video append frame 73
02:16:14.681  render           | Video append frame 74
02:16:16.062  render           | Video append frame 75
      CAM_A 75/450 frames (16%) 0.8 fps, about 8 min left
02:16:17.445  render           | Video append frame 76
02:16:18.711  render           | Video append frame 77
02:16:20.023  render           | Video append frame 78
02:16:21.510  render           | Video append frame 79
02:16:22.875  render           | Video append frame 80
02:16:24.199  render           | Video append frame 81
02:16:25.572  render           | Video append frame 82
02:16:27.054  render           | Video append frame 83
02:16:28.367  render           | Video append frame 84
02:16:29.705  render           | Video append frame 85
02:16:30.998  render           | Video append frame 86
02:16:32.318  render           | Video append frame 87
02:16:33.685  render           | Video append frame 88
02:16:35.168  render           | Video append frame 89
02:16:36.625  render           | Video append frame 90
02:16:38.072  render           | Video append frame 91
02:16:39.569  render           | Video append frame 92
02:16:40.897  render           | Video append frame 93
02:16:42.356  render           | Video append frame 94
02:16:43.790  render           | Video append frame 95
02:16:45.215  render           | Video append frame 96
02:16:46.615  render           | Video append frame 97
02:16:47.895  render           | Video append frame 98
02:16:49.154  render           | Video append frame 99
02:16:50.517  render           | Video append frame 100
      CAM_A 100/450 frames (22%) 0.7 fps, about 8 min left
02:16:51.986  render           | Video append frame 101
02:16:53.392  render           | Video append frame 102
02:16:54.678  render           | Video append frame 103
02:16:55.975  render           | Video append frame 104
02:16:57.333  render           | Video append frame 105
02:16:58.617  render           | Video append frame 106
02:16:59.917  render           | Video append frame 107
02:17:01.227  render           | Video append frame 108
02:17:02.547  render           | Video append frame 109
02:17:03.955  render           | Video append frame 110
02:17:05.290  render           | Video append frame 111
02:17:06.611  render           | Video append frame 112
02:17:07.878  render           | Video append frame 113
02:17:09.157  render           | Video append frame 114
02:17:10.467  render           | Video append frame 115
02:17:11.835  render           | Video append frame 116
02:17:13.098  render           | Video append frame 117
02:17:14.385  render           | Video append frame 118
02:17:15.764  render           | Video append frame 119
02:17:17.073  render           | Video append frame 120
02:17:18.332  render           | Video append frame 121
02:17:19.607  render           | Video append frame 122
02:17:20.910  render           | Video append frame 123
02:17:22.216  render           | Video append frame 124
02:17:23.492  render           | Video append frame 125
      CAM_A 125/450 frames (27%) 0.7 fps, about 7 min left
02:17:24.776  render           | Video append frame 126
02:17:26.052  render           | Video append frame 127
02:17:27.333  render           | Video append frame 128
02:17:28.611  render           | Video append frame 129
02:17:29.897  render           | Video append frame 130
02:17:31.179  render           | Video append frame 131
02:17:32.467  render           | Video append frame 132
02:17:33.746  render           | Video append frame 133
02:17:35.021  render           | Video append frame 134
02:17:36.302  render           | Video append frame 135
02:17:37.584  render           | Video append frame 136
02:17:38.854  render           | Video append frame 137
02:17:40.132  render           | Video append frame 138
02:17:41.404  render           | Video append frame 139
02:17:42.695  render           | Video append frame 140
02:17:43.964  render           | Video append frame 141
02:17:45.244  render           | Video append frame 142
02:17:46.528  render           | Video append frame 143
02:17:47.810  render           | Video append frame 144
02:17:49.076  render           | Video append frame 145
02:17:50.348  render           | Video append frame 146
02:17:51.623  render           | Video append frame 147
02:17:52.903  render           | Video append frame 148
02:17:54.207  render           | Video append frame 149
02:17:55.469  render           | Video append frame 150
      CAM_A 150/450 frames (33%) 0.8 fps, about 7 min left
02:17:56.732  render           | Video append frame 151
02:17:58.010  render           | Video append frame 152
02:17:59.294  render           | Video append frame 153
02:18:00.563  render           | Video append frame 154
02:18:01.834  render           | Video append frame 155
02:18:03.107  render           | Video append frame 156
02:18:04.423  render           | Video append frame 157
02:18:05.696  render           | Video append frame 158
02:18:06.969  render           | Video append frame 159
02:18:08.250  render           | Video append frame 160
02:18:09.531  render           | Video append frame 161
02:18:10.797  render           | Video append frame 162
02:18:12.077  render           | Video append frame 163
02:18:13.352  render           | Video append frame 164
02:18:14.629  render           | Video append frame 165
02:18:15.938  render           | Video append frame 166
02:18:17.241  render           | Video append frame 167
02:18:18.500  render           | Video append frame 168
02:18:19.814  render           | Video append frame 169
02:18:21.077  render           | Video append frame 170
02:18:22.348  render           | Video append frame 171
02:18:23.619  render           | Video append frame 172
02:18:24.897  render           | Video append frame 173
02:18:26.166  render           | Video append frame 174
02:18:27.441  render           | Video append frame 175
      CAM_A 175/450 frames (38%) 0.8 fps, about 6 min left
02:18:28.714  render           | Video append frame 176
02:18:29.978  render           | Video append frame 177
02:18:31.244  render           | Video append frame 178
02:18:32.517  render           | Video append frame 179
02:18:33.787  render           | Video append frame 180
02:18:35.053  render           | Video append frame 181
02:18:36.322  render           | Video append frame 182
02:18:37.628  render           | Video append frame 183
02:18:38.885  render           | Video append frame 184
02:18:40.145  render           | Video append frame 185
02:18:41.415  render           | Video append frame 186
02:18:42.711  render           | Video append frame 187
02:18:43.983  render           | Video append frame 188
02:18:45.248  render           | Video append frame 189
02:18:46.514  render           | Video append frame 190
02:18:47.787  render           | Video append frame 191
02:18:49.050  render           | Video append frame 192
02:18:50.310  render           | Video append frame 193
02:18:51.577  render           | Video append frame 194
02:18:52.860  render           | Video append frame 195
02:18:54.116  render           | Video append frame 196
02:18:55.379  render           | Video append frame 197
02:18:56.646  render           | Video append frame 198
02:18:57.932  render           | Video append frame 199
02:18:59.189  render           | Video append frame 200
      CAM_A 200/450 frames (44%) 0.8 fps, about 5 min left
02:19:00.451  render           | Video append frame 201
02:19:01.714  render           | Video append frame 202
02:19:02.985  render           | Video append frame 203
02:19:04.245  render           | Video append frame 204
02:19:05.515  render           | Video append frame 205
02:19:06.778  render           | Video append frame 206
02:19:08.044  render           | Video append frame 207
02:19:09.308  render           | Video append frame 208
02:19:10.656  render           | Video append frame 209
02:19:12.113  render           | Video append frame 210
02:19:13.414  render           | Video append frame 211
02:19:14.702  render           | Video append frame 212
02:19:16.090  render           | Video append frame 213
02:19:17.666  render           | Video append frame 214
02:19:19.187  render           | Video append frame 215
02:19:20.553  render           | Video append frame 216
02:19:21.824  render           | Video append frame 217
02:19:23.180  render           | Video append frame 218
02:19:24.477  render           | Video append frame 219
02:19:25.769  render           | Video append frame 220
02:19:27.213  render           | Video append frame 221
02:19:28.807  render           | Video append frame 222
02:19:30.132  render           | Video append frame 223
02:19:31.407  render           | Video append frame 224
02:19:32.661  render           | Video append frame 225
      CAM_A 225/450 frames (50%) 0.8 fps, about 5 min left
02:19:33.978  render           | Video append frame 226
02:19:35.301  render           | Video append frame 227
02:19:36.591  render           | Video append frame 228
02:19:37.884  render           | Video append frame 229
02:19:39.217  render           | Video append frame 230
02:19:40.560  render           | Video append frame 231
02:19:42.099  render           | Video append frame 232
02:19:43.599  render           | Video append frame 233
02:19:44.895  render           | Video append frame 234
02:19:46.148  render           | Video append frame 235
02:19:47.434  render           | Video append frame 236
02:19:48.889  render           | Video append frame 237
02:19:50.312  render           | Video append frame 238
02:19:51.577  render           | Video append frame 239
02:19:52.930  render           | Video append frame 240
02:19:54.335  render           | Video append frame 241
02:19:55.653  render           | Video append frame 242
02:19:56.935  render           | Video append frame 243
02:19:58.242  render           | Video append frame 244
02:19:59.583  render           | Video append frame 245
02:20:00.892  render           | Video append frame 246
02:20:02.261  render           | Video append frame 247
02:20:03.521  render           | Video append frame 248
02:20:04.789  render           | Video append frame 249
02:20:06.099  render           | Video append frame 250
      CAM_A 250/450 frames (55%) 0.8 fps, about 4 min left
02:20:07.480  render           | Video append frame 251
02:20:08.781  render           | Video append frame 252
02:20:10.079  render           | Video append frame 253
02:20:11.343  render           | Video append frame 254
02:20:12.666  render           | Video append frame 255
02:20:13.979  render           | Video append frame 256
02:20:15.292  render           | Video append frame 257
02:20:16.629  render           | Video append frame 258
02:20:17.914  render           | Video append frame 259
02:20:19.248  render           | Video append frame 260
02:20:20.528  render           | Video append frame 261
02:20:21.890  render           | Video append frame 262
02:20:23.221  render           | Video append frame 263
02:20:24.492  render           | Video append frame 264
02:20:25.813  render           | Video append frame 265
02:20:27.153  render           | Video append frame 266
02:20:28.485  render           | Video append frame 267
02:20:29.755  render           | Video append frame 268
02:20:31.049  render           | Video append frame 269
02:20:32.378  render           | Video append frame 270
02:20:33.706  render           | Video append frame 271
02:20:35.014  render           | Video append frame 272
02:20:36.326  render           | Video append frame 273
02:20:37.661  render           | Video append frame 274
02:20:38.979  render           | Video append frame 275
      CAM_A 275/450 frames (61%) 0.8 fps, about 4 min left
02:20:40.286  render           | Video append frame 276
02:20:41.619  render           | Video append frame 277
02:20:42.981  render           | Video append frame 278
02:20:44.250  render           | Video append frame 279
02:20:45.556  render           | Video append frame 280
02:20:46.853  render           | Video append frame 281
02:20:48.206  render           | Video append frame 282
02:20:49.674  render           | Video append frame 283
02:20:51.133  render           | Video append frame 284
02:20:52.404  render           | Video append frame 285
02:20:53.666  render           | Video append frame 286
02:20:54.975  render           | Video append frame 287
02:20:56.297  render           | Video append frame 288
02:20:57.611  render           | Video append frame 289
02:20:58.917  render           | Video append frame 290
02:21:00.228  render           | Video append frame 291
02:21:01.542  render           | Video append frame 292
02:21:02.859  render           | Video append frame 293
02:21:04.179  render           | Video append frame 294
02:21:05.485  render           | Video append frame 295
02:21:06.796  render           | Video append frame 296
02:21:08.108  render           | Video append frame 297
02:21:09.423  render           | Video append frame 298
02:21:10.726  render           | Video append frame 299
02:21:12.037  render           | Video append frame 300
      CAM_A 300/450 frames (66%) 0.8 fps, about 3 min left
02:21:13.341  render           | Video append frame 301
02:21:14.712  render           | Video append frame 302
02:21:16.020  render           | Video append frame 303
02:21:17.324  render           | Video append frame 304
02:21:18.605  render           | Video append frame 305
02:21:19.932  render           | Video append frame 306
02:21:21.231  render           | Video append frame 307
02:21:22.541  render           | Video append frame 308
02:21:24.083  render           | Video append frame 309
02:21:25.693  render           | Video append frame 310
02:21:27.041  render           | Video append frame 311
02:21:28.277  render           | Video append frame 312
02:21:29.886  render           | Video append frame 313
02:21:31.484  render           | Video append frame 314
02:21:32.771  render           | Video append frame 315
02:21:34.032  render           | Video append frame 316
02:21:35.322  render           | Video append frame 317
02:21:36.647  render           | Video append frame 318
02:21:37.966  render           | Video append frame 319
02:21:39.281  render           | Video append frame 320
02:21:40.610  render           | Video append frame 321
02:21:41.916  render           | Video append frame 322
02:21:43.220  render           | Video append frame 323
02:21:44.534  render           | Video append frame 324
02:21:45.837  render           | Video append frame 325
      CAM_A 325/450 frames (72%) 0.8 fps, about 3 min left
02:21:47.136  render           | Video append frame 326
02:21:48.446  render           | Video append frame 327
02:21:49.753  render           | Video append frame 328
02:21:51.057  render           | Video append frame 329
02:21:52.355  render           | Video append frame 330
02:21:53.688  render           | Video append frame 331
02:21:55.101  render           | Video append frame 332
02:21:56.451  render           | Video append frame 333
02:21:57.995  render           | Video append frame 334
02:21:59.279  render           | Video append frame 335
02:22:00.612  render           | Video append frame 336
02:22:01.924  render           | Video append frame 337
02:22:03.411  render           | Video append frame 338
02:22:04.838  render           | Video append frame 339
02:22:06.200  render           | Video append frame 340
02:22:07.481  render           | Video append frame 341
02:22:08.843  render           | Video append frame 342
02:22:10.252  render           | Video append frame 343
02:22:11.523  render           | Video append frame 344
02:22:12.835  render           | Video append frame 345
02:22:14.146  render           | Video append frame 346
02:22:15.466  render           | Video append frame 347
02:22:16.800  render           | Video append frame 348
02:22:18.122  render           | Video append frame 349
02:22:19.435  render           | Video append frame 350
      CAM_A 350/450 frames (77%) 0.8 fps, about 2 min left
02:22:20.749  render           | Video append frame 351
02:22:22.066  render           | Video append frame 352
02:22:23.448  render           | Video append frame 353
02:22:24.975  render           | Video append frame 354
02:22:26.353  render           | Video append frame 355
02:22:27.616  render           | Video append frame 356
02:22:28.984  render           | Video append frame 357
02:22:30.262  render           | Video append frame 358
02:22:31.596  render           | Video append frame 359
02:22:32.916  render           | Video append frame 360
02:22:34.276  render           | Video append frame 361
02:22:35.663  render           | Video append frame 362
02:22:36.930  render           | Video append frame 363
02:22:38.257  render           | Video append frame 364
02:22:39.591  render           | Video append frame 365
02:22:40.918  render           | Video append frame 366
02:22:42.273  render           | Video append frame 367
02:22:43.611  render           | Video append frame 368
02:22:44.943  render           | Video append frame 369
02:22:46.308  render           | Video append frame 370
02:22:47.603  render           | Video append frame 371
02:22:48.937  render           | Video append frame 372
02:22:50.254  render           | Video append frame 373
02:22:51.651  render           | Video append frame 374
02:22:52.927  render           | Video append frame 375
      CAM_A 375/450 frames (83%) 0.8 fps, about 2 min left
02:22:54.286  render           | Video append frame 376
02:22:55.647  render           | Video append frame 377
02:22:56.928  render           | Video append frame 378
02:22:58.290  render           | Video append frame 379
02:22:59.651  render           | Video append frame 380
02:23:00.936  render           | Video append frame 381
02:23:02.260  render           | Video append frame 382
02:23:03.590  render           | Video append frame 383
02:23:04.943  render           | Video append frame 384
02:23:06.253  render           | Video append frame 385
02:23:07.649  render           | Video append frame 386
02:23:08.954  render           | Video append frame 387
02:23:10.327  render           | Video append frame 388
02:23:11.600  render           | Video append frame 389
02:23:12.894  render           | Video append frame 390
02:23:14.212  render           | Video append frame 391
02:23:15.534  render           | Video append frame 392
02:23:16.860  render           | Video append frame 393
02:23:18.189  render           | Video append frame 394
02:23:19.495  render           | Video append frame 395
02:23:20.836  render           | Video append frame 396
02:23:22.185  render           | Video append frame 397
02:23:23.519  render           | Video append frame 398
02:23:24.949  render           | Video append frame 399
02:23:26.310  render           | Video append frame 400
      CAM_A 400/450 frames (88%) 0.8 fps, about 1 min left
02:23:27.641  render           | Video append frame 401
02:23:29.037  render           | Video append frame 402
02:23:30.327  render           | Video append frame 403
02:23:31.656  render           | Video append frame 404
02:23:32.993  render           | Video append frame 405
02:23:34.365  render           | Video append frame 406
02:23:35.737  render           | Video append frame 407
02:23:37.169  render           | Video append frame 408
02:23:38.451  render           | Video append frame 409
02:23:39.788  render           | Video append frame 410
02:23:41.150  render           | Video append frame 411
02:23:42.500  render           | Video append frame 412
02:23:43.781  render           | Video append frame 413
02:23:45.120  render           | Video append frame 414
02:23:46.446  render           | Video append frame 415
02:23:47.773  render           | Video append frame 416
02:23:49.181  render           | Video append frame 417
02:23:50.513  render           | Video append frame 418
02:23:51.822  render           | Video append frame 419
02:23:53.178  render           | Video append frame 420
02:23:54.459  render           | Video append frame 421
02:23:55.784  render           | Video append frame 422
02:23:57.177  render           | Video append frame 423
02:23:58.521  render           | Video append frame 424
02:23:59.930  render           | Video append frame 425
      CAM_A 425/450 frames (94%) 0.8 fps, about 1 min left
02:24:01.242  render           | Video append frame 426
02:24:02.592  render           | Video append frame 427
02:24:03.932  render           | Video append frame 428
02:24:05.263  render           | Video append frame 429
02:24:06.594  render           | Video append frame 430
02:24:07.917  render           | Video append frame 431
02:24:09.247  render           | Video append frame 432
02:24:10.602  render           | Video append frame 433
02:24:11.985  render           | Video append frame 434
02:24:13.318  render           | Video append frame 435
02:24:14.670  render           | Video append frame 436
02:24:16.078  render           | Video append frame 437
02:24:17.387  render           | Video append frame 438
02:24:18.739  render           | Video append frame 439
02:24:20.151  render           | Video append frame 440
02:24:21.495  render           | Video append frame 441
02:24:22.822  render           | Video append frame 442
02:24:24.143  render           | Video append frame 443
02:24:25.522  render           | Video append frame 444
02:24:26.900  render           | Video append frame 445
02:24:28.229  render           | Video append frame 446
02:24:29.586  render           | Video append frame 447
02:24:30.974  render           | Video append frame 448
02:24:32.383  render           | Video append frame 449
02:24:33.705  render           | Video append frame 450
      CAM_A 450/450 frames (100%) 0.8 fps, about 0 min left
    finished CAM_A
    rendering CAM_B (2/3) 450 frames
02:24:35.135  render           | Video append frame 1
02:24:36.597  render           | Video append frame 2
02:24:37.984  render           | Video append frame 3
02:24:39.295  render           | Video append frame 4
02:24:40.607  render           | Video append frame 5
02:24:41.822  render           | Video append frame 6
02:24:43.121  render           | Video append frame 7
02:24:44.375  render           | Video append frame 8
02:24:45.613  render           | Video append frame 9
02:24:46.920  render           | Video append frame 10
02:24:48.176  render           | Video append frame 11
02:24:49.461  render           | Video append frame 12
02:24:50.714  render           | Video append frame 13
02:24:52.047  render           | Video append frame 14
02:24:53.330  render           | Video append frame 15
02:24:54.614  render           | Video append frame 16
02:24:55.873  render           | Video append frame 17
02:24:57.302  render           | Video append frame 18
02:24:58.634  render           | Video append frame 19
02:24:59.939  render           | Video append frame 20
02:25:01.158  render           | Video append frame 21
02:25:02.417  render           | Video append frame 22
02:25:03.664  render           | Video append frame 23
02:25:05.117  render           | Video append frame 24
02:25:06.585  render           | Video append frame 25
      CAM_B 25/450 frames (5%) 0.8 fps, about 9 min left
02:25:07.930  render           | Video append frame 26
02:25:09.170  render           | Video append frame 27
02:25:10.368  render           | Video append frame 28
02:25:11.596  render           | Video append frame 29
02:25:12.930  render           | Video append frame 30
02:25:14.387  render           | Video append frame 31
02:25:15.787  render           | Video append frame 32
02:25:17.101  render           | Video append frame 33
02:25:18.381  render           | Video append frame 34
02:25:19.639  render           | Video append frame 35
02:25:20.900  render           | Video append frame 36
02:25:22.173  render           | Video append frame 37
02:25:23.481  render           | Video append frame 38
02:25:24.789  render           | Video append frame 39
02:25:26.008  render           | Video append frame 40
02:25:27.273  render           | Video append frame 41
02:25:28.597  render           | Video append frame 42
02:25:29.820  render           | Video append frame 43
02:25:31.054  render           | Video append frame 44
02:25:32.315  render           | Video append frame 45
02:25:33.629  render           | Video append frame 46
02:25:34.916  render           | Video append frame 47
02:25:36.225  render           | Video append frame 48
02:25:37.428  render           | Video append frame 49
02:25:38.664  render           | Video append frame 50
      CAM_B 50/450 frames (11%) 0.8 fps, about 9 min left
02:25:39.926  render           | Video append frame 51
02:25:41.273  render           | Video append frame 52
02:25:42.595  render           | Video append frame 53
02:25:43.814  render           | Video append frame 54
02:25:45.028  render           | Video append frame 55
02:25:46.330  render           | Video append frame 56
02:25:47.727  render           | Video append frame 57
02:25:48.914  render           | Video append frame 58
02:25:50.152  render           | Video append frame 59
02:25:51.401  render           | Video append frame 60
02:25:52.690  render           | Video append frame 61
02:25:53.958  render           | Video append frame 62
02:25:55.214  render           | Video append frame 63
02:25:56.532  render           | Video append frame 64
02:25:57.790  render           | Video append frame 65
02:25:59.063  render           | Video append frame 66
02:26:00.321  render           | Video append frame 67
02:26:01.608  render           | Video append frame 68
02:26:02.883  render           | Video append frame 69
02:26:04.155  render           | Video append frame 70
02:26:05.409  render           | Video append frame 71
02:26:06.770  render           | Video append frame 72
02:26:08.038  render           | Video append frame 73
02:26:09.343  render           | Video append frame 74
02:26:10.622  render           | Video append frame 75
      CAM_B 75/450 frames (16%) 0.8 fps, about 8 min left
02:26:11.853  render           | Video append frame 76
02:26:13.098  render           | Video append frame 77
02:26:14.352  render           | Video append frame 78
02:26:15.665  render           | Video append frame 79
02:26:16.933  render           | Video append frame 80
02:26:18.186  render           | Video append frame 81
02:26:19.428  render           | Video append frame 82
02:26:20.697  render           | Video append frame 83
02:26:22.047  render           | Video append frame 84
02:26:23.389  render           | Video append frame 85
02:26:24.649  render           | Video append frame 86
02:26:25.917  render           | Video append frame 87
02:26:27.161  render           | Video append frame 88
02:26:28.428  render           | Video append frame 89
02:26:29.704  render           | Video append frame 90
02:26:30.954  render           | Video append frame 91
02:26:32.198  render           | Video append frame 92
02:26:33.460  render           | Video append frame 93
02:26:34.771  render           | Video append frame 94
02:26:36.036  render           | Video append frame 95
02:26:37.313  render           | Video append frame 96
02:26:38.584  render           | Video append frame 97
02:26:39.826  render           | Video append frame 98
02:26:41.079  render           | Video append frame 99
02:26:42.380  render           | Video append frame 100
      CAM_B 100/450 frames (22%) 0.8 fps, about 8 min left
02:26:43.627  render           | Video append frame 101
02:26:44.912  render           | Video append frame 102
02:26:46.151  render           | Video append frame 103
02:26:47.402  render           | Video append frame 104
02:26:48.692  render           | Video append frame 105
02:26:49.965  render           | Video append frame 106
02:26:51.265  render           | Video append frame 107
02:26:52.518  render           | Video append frame 108
02:26:53.759  render           | Video append frame 109
02:26:55.045  render           | Video append frame 110
02:26:56.298  render           | Video append frame 111
02:26:57.565  render           | Video append frame 112
02:26:58.834  render           | Video append frame 113
02:27:00.087  render           | Video append frame 114
02:27:01.375  render           | Video append frame 115
02:27:02.689  render           | Video append frame 116
02:27:03.923  render           | Video append frame 117
02:27:05.172  render           | Video append frame 118
02:27:06.431  render           | Video append frame 119
02:27:07.759  render           | Video append frame 120
02:27:09.059  render           | Video append frame 121
02:27:10.319  render           | Video append frame 122
02:27:11.556  render           | Video append frame 123
02:27:12.836  render           | Video append frame 124
02:27:14.088  render           | Video append frame 125
      CAM_B 125/450 frames (27%) 0.8 fps, about 7 min left
02:27:15.367  render           | Video append frame 126
02:27:16.652  render           | Video append frame 127
02:27:17.961  render           | Video append frame 128
02:27:19.151  render           | Video append frame 129
02:27:20.450  render           | Video append frame 130
02:27:21.705  render           | Video append frame 131
02:27:22.945  render           | Video append frame 132
02:27:24.272  render           | Video append frame 133
02:27:25.546  render           | Video append frame 134
02:27:26.759  render           | Video append frame 135
02:27:27.997  render           | Video append frame 136
02:27:29.252  render           | Video append frame 137
02:27:30.505  render           | Video append frame 138
02:27:31.755  render           | Video append frame 139
02:27:33.020  render           | Video append frame 140
02:27:34.280  render           | Video append frame 141
02:27:35.549  render           | Video append frame 142
02:27:36.802  render           | Video append frame 143
02:27:38.067  render           | Video append frame 144
02:27:39.289  render           | Video append frame 145
02:27:40.542  render           | Video append frame 146
02:27:41.792  render           | Video append frame 147
02:27:43.101  render           | Video append frame 148
02:27:44.348  render           | Video append frame 149
02:27:45.599  render           | Video append frame 150
      CAM_B 150/450 frames (33%) 0.8 fps, about 6 min left
02:27:46.858  render           | Video append frame 151
02:27:48.160  render           | Video append frame 152
02:27:49.416  render           | Video append frame 153
02:27:50.648  render           | Video append frame 154
02:27:51.898  render           | Video append frame 155
02:27:53.152  render           | Video append frame 156
02:27:54.410  render           | Video append frame 157
02:27:55.698  render           | Video append frame 158
02:27:56.960  render           | Video append frame 159
02:27:58.231  render           | Video append frame 160
02:27:59.555  render           | Video append frame 161
02:28:00.787  render           | Video append frame 162
02:28:02.114  render           | Video append frame 163
02:28:03.380  render           | Video append frame 164
02:28:04.635  render           | Video append frame 165
02:28:05.859  render           | Video append frame 166
02:28:07.103  render           | Video append frame 167
02:28:08.357  render           | Video append frame 168
02:28:09.617  render           | Video append frame 169
02:28:10.855  render           | Video append frame 170
02:28:12.119  render           | Video append frame 171
02:28:13.439  render           | Video append frame 172
02:28:14.800  render           | Video append frame 173
02:28:16.270  render           | Video append frame 174
02:28:17.613  render           | Video append frame 175
      CAM_B 175/450 frames (38%) 0.8 fps, about 6 min left
02:28:18.932  render           | Video append frame 176
02:28:20.232  render           | Video append frame 177
02:28:21.553  render           | Video append frame 178
02:28:22.878  render           | Video append frame 179
02:28:24.180  render           | Video append frame 180
02:28:25.613  render           | Video append frame 181
02:28:26.933  render           | Video append frame 182
02:28:28.205  render           | Video append frame 183
02:28:29.471  render           | Video append frame 184
02:28:30.749  render           | Video append frame 185
02:28:31.999  render           | Video append frame 186
02:28:33.261  render           | Video append frame 187
02:28:34.602  render           | Video append frame 188
02:28:35.873  render           | Video append frame 189
02:28:37.126  render           | Video append frame 190
02:28:38.372  render           | Video append frame 191
02:28:39.640  render           | Video append frame 192
02:28:40.900  render           | Video append frame 193
02:28:42.214  render           | Video append frame 194
02:28:43.521  render           | Video append frame 195
02:28:44.775  render           | Video append frame 196
02:28:46.020  render           | Video append frame 197
02:28:47.313  render           | Video append frame 198
02:28:48.604  render           | Video append frame 199
02:28:49.918  render           | Video append frame 200
      CAM_B 200/450 frames (44%) 0.8 fps, about 5 min left
02:28:51.221  render           | Video append frame 201
02:28:52.496  render           | Video append frame 202
02:28:53.810  render           | Video append frame 203
02:28:55.135  render           | Video append frame 204
02:28:56.373  render           | Video append frame 205
02:28:57.622  render           | Video append frame 206
02:28:58.988  render           | Video append frame 207
02:29:00.324  render           | Video append frame 208
02:29:01.562  render           | Video append frame 209
02:29:02.796  render           | Video append frame 210
02:29:04.071  render           | Video append frame 211
02:29:05.349  render           | Video append frame 212
02:29:06.649  render           | Video append frame 213
02:29:07.939  render           | Video append frame 214
02:29:09.304  render           | Video append frame 215
02:29:10.581  render           | Video append frame 216
02:29:11.847  render           | Video append frame 217
02:29:13.097  render           | Video append frame 218
02:29:14.406  render           | Video append frame 219
02:29:15.801  render           | Video append frame 220
02:29:17.098  render           | Video append frame 221
02:29:18.343  render           | Video append frame 222
02:29:19.677  render           | Video append frame 223
02:29:20.935  render           | Video append frame 224
02:29:22.182  render           | Video append frame 225
      CAM_B 225/450 frames (50%) 0.8 fps, about 5 min left
02:29:23.449  render           | Video append frame 226
02:29:24.760  render           | Video append frame 227
02:29:26.102  render           | Video append frame 228
02:29:27.378  render           | Video append frame 229
02:29:28.641  render           | Video append frame 230
02:29:29.896  render           | Video append frame 231
02:29:31.169  render           | Video append frame 232
02:29:32.469  render           | Video append frame 233
02:29:33.801  render           | Video append frame 234
02:29:35.059  render           | Video append frame 235
02:29:36.311  render           | Video append frame 236
02:29:37.578  render           | Video append frame 237
02:29:38.844  render           | Video append frame 238
02:29:40.112  render           | Video append frame 239
02:29:41.379  render           | Video append frame 240
02:29:42.634  render           | Video append frame 241
02:29:43.970  render           | Video append frame 242
02:29:45.265  render           | Video append frame 243
02:29:46.527  render           | Video append frame 244
02:29:47.775  render           | Video append frame 245
02:29:49.114  render           | Video append frame 246
02:29:50.374  render           | Video append frame 247
02:29:51.622  render           | Video append frame 248
02:29:52.874  render           | Video append frame 249
02:29:54.152  render           | Video append frame 250
      CAM_B 250/450 frames (55%) 0.8 fps, about 4 min left
02:29:55.418  render           | Video append frame 251
02:29:56.700  render           | Video append frame 252
02:29:58.012  render           | Video append frame 253
02:29:59.373  render           | Video append frame 254
02:30:00.578  render           | Video append frame 255
02:30:01.826  render           | Video append frame 256
02:30:03.126  render           | Video append frame 257
02:30:04.449  render           | Video append frame 258
02:30:05.683  render           | Video append frame 259
02:30:06.926  render           | Video append frame 260
02:30:08.251  render           | Video append frame 261
02:30:09.583  render           | Video append frame 262
02:30:10.867  render           | Video append frame 263
02:30:12.087  render           | Video append frame 264
02:30:13.339  render           | Video append frame 265
02:30:14.676  render           | Video append frame 266
02:30:15.943  render           | Video append frame 267
02:30:17.193  render           | Video append frame 268
02:30:18.557  render           | Video append frame 269
02:30:19.814  render           | Video append frame 270
02:30:21.061  render           | Video append frame 271
02:30:22.423  render           | Video append frame 272
02:30:23.687  render           | Video append frame 273
02:30:24.926  render           | Video append frame 274
02:30:26.192  render           | Video append frame 275
      CAM_B 275/450 frames (61%) 0.8 fps, about 4 min left
02:30:27.465  render           | Video append frame 276
02:30:28.729  render           | Video append frame 277
02:30:29.992  render           | Video append frame 278
02:30:31.286  render           | Video append frame 279
02:30:32.580  render           | Video append frame 280
02:30:33.828  render           | Video append frame 281
02:30:35.085  render           | Video append frame 282
02:30:36.374  render           | Video append frame 283
02:30:37.651  render           | Video append frame 284
02:30:38.901  render           | Video append frame 285
02:30:40.156  render           | Video append frame 286
02:30:41.479  render           | Video append frame 287
02:30:42.722  render           | Video append frame 288
02:30:43.994  render           | Video append frame 289
02:30:45.285  render           | Video append frame 290
02:30:46.581  render           | Video append frame 291
02:30:47.835  render           | Video append frame 292
02:30:49.117  render           | Video append frame 293
02:30:50.374  render           | Video append frame 294
02:30:51.626  render           | Video append frame 295
02:30:52.870  render           | Video append frame 296
02:30:54.124  render           | Video append frame 297
02:30:55.383  render           | Video append frame 298
02:30:56.678  render           | Video append frame 299
02:30:57.926  render           | Video append frame 300
      CAM_B 300/450 frames (66%) 0.8 fps, about 3 min left
02:30:59.173  render           | Video append frame 301
02:31:00.475  render           | Video append frame 302
02:31:01.709  render           | Video append frame 303
02:31:02.972  render           | Video append frame 304
02:31:04.338  render           | Video append frame 305
02:31:05.635  render           | Video append frame 306
02:31:06.870  render           | Video append frame 307
02:31:08.231  render           | Video append frame 308
02:31:09.491  render           | Video append frame 309
02:31:10.772  render           | Video append frame 310
02:31:12.031  render           | Video append frame 311
02:31:13.297  render           | Video append frame 312
02:31:14.559  render           | Video append frame 313
02:31:15.827  render           | Video append frame 314
02:31:17.078  render           | Video append frame 315
02:31:18.364  render           | Video append frame 316
02:31:19.634  render           | Video append frame 317
02:31:20.875  render           | Video append frame 318
02:31:22.163  render           | Video append frame 319
02:31:23.472  render           | Video append frame 320
02:31:24.701  render           | Video append frame 321
02:31:25.940  render           | Video append frame 322
02:31:27.191  render           | Video append frame 323
02:31:28.490  render           | Video append frame 324
02:31:29.761  render           | Video append frame 325
      CAM_B 325/450 frames (72%) 0.8 fps, about 3 min left
02:31:31.012  render           | Video append frame 326
02:31:32.236  render           | Video append frame 327
02:31:33.584  render           | Video append frame 328
02:31:34.877  render           | Video append frame 329
02:31:36.077  render           | Video append frame 330
02:31:37.334  render           | Video append frame 331
02:31:38.576  render           | Video append frame 332
02:31:39.840  render           | Video append frame 333
02:31:41.094  render           | Video append frame 334
02:31:42.346  render           | Video append frame 335
02:31:43.588  render           | Video append frame 336
02:31:44.842  render           | Video append frame 337
02:31:46.101  render           | Video append frame 338
02:31:47.385  render           | Video append frame 339
02:31:48.617  render           | Video append frame 340
02:31:49.924  render           | Video append frame 341
02:31:51.188  render           | Video append frame 342
02:31:52.412  render           | Video append frame 343
02:31:53.654  render           | Video append frame 344
02:31:54.902  render           | Video append frame 345
02:31:56.154  render           | Video append frame 346
02:31:57.456  render           | Video append frame 347
02:31:58.720  render           | Video append frame 348
02:31:59.984  render           | Video append frame 349
02:32:01.248  render           | Video append frame 350
      CAM_B 350/450 frames (77%) 0.8 fps, about 2 min left
02:32:02.500  render           | Video append frame 351
02:32:03.761  render           | Video append frame 352
02:32:05.007  render           | Video append frame 353
02:32:06.241  render           | Video append frame 354
02:32:07.526  render           | Video append frame 355
02:32:08.778  render           | Video append frame 356
02:32:10.036  render           | Video append frame 357
02:32:11.352  render           | Video append frame 358
02:32:12.576  render           | Video append frame 359
02:32:13.846  render           | Video append frame 360
02:32:15.113  render           | Video append frame 361
02:32:16.443  render           | Video append frame 362
02:32:17.701  render           | Video append frame 363
02:32:18.964  render           | Video append frame 364
02:32:20.226  render           | Video append frame 365
02:32:21.486  render           | Video append frame 366
02:32:22.737  render           | Video append frame 367
02:32:23.992  render           | Video append frame 368
02:32:25.281  render           | Video append frame 369
02:32:26.586  render           | Video append frame 370
02:32:27.828  render           | Video append frame 371
02:32:29.073  render           | Video append frame 372
02:32:30.367  render           | Video append frame 373
02:32:31.653  render           | Video append frame 374
02:32:32.875  render           | Video append frame 375
      CAM_B 375/450 frames (83%) 0.8 fps, about 2 min left
02:32:34.134  render           | Video append frame 376
02:32:35.463  render           | Video append frame 377
02:32:36.731  render           | Video append frame 378
02:32:37.954  render           | Video append frame 379
02:32:39.184  render           | Video append frame 380
02:32:40.482  render           | Video append frame 381
02:32:41.730  render           | Video append frame 382
02:32:42.997  render           | Video append frame 383
02:32:44.250  render           | Video append frame 384
02:32:45.519  render           | Video append frame 385
02:32:46.772  render           | Video append frame 386
02:32:48.019  render           | Video append frame 387
02:32:49.262  render           | Video append frame 388
02:32:50.510  render           | Video append frame 389
02:32:51.758  render           | Video append frame 390
02:32:53.009  render           | Video append frame 391
02:32:54.258  render           | Video append frame 392
02:32:55.512  render           | Video append frame 393
02:32:56.755  render           | Video append frame 394
02:32:58.013  render           | Video append frame 395
02:32:59.267  render           | Video append frame 396
02:33:00.518  render           | Video append frame 397
02:33:01.757  render           | Video append frame 398
02:33:03.012  render           | Video append frame 399
02:33:04.285  render           | Video append frame 400
      CAM_B 400/450 frames (88%) 0.8 fps, about 1 min left
02:33:05.552  render           | Video append frame 401
02:33:06.798  render           | Video append frame 402
02:33:08.042  render           | Video append frame 403
02:33:09.315  render           | Video append frame 404
02:33:10.672  render           | Video append frame 405
02:33:11.868  render           | Video append frame 406
02:33:13.069  render           | Video append frame 407
02:33:14.315  render           | Video append frame 408
02:33:15.633  render           | Video append frame 409
02:33:16.989  render           | Video append frame 410
02:33:18.372  render           | Video append frame 411
02:33:19.685  render           | Video append frame 412
02:33:21.108  render           | Video append frame 413
02:33:22.557  render           | Video append frame 414
02:33:24.057  render           | Video append frame 415
02:33:25.350  render           | Video append frame 416
02:33:26.579  render           | Video append frame 417
02:33:27.900  render           | Video append frame 418
02:33:29.156  render           | Video append frame 419
02:33:30.409  render           | Video append frame 420
02:33:31.661  render           | Video append frame 421
02:33:32.908  render           | Video append frame 422
02:33:34.154  render           | Video append frame 423
02:33:35.511  render           | Video append frame 424
02:33:36.725  render           | Video append frame 425
      CAM_B 425/450 frames (94%) 0.8 fps, about 1 min left
02:33:37.953  render           | Video append frame 426
02:33:39.199  render           | Video append frame 427
02:33:40.454  render           | Video append frame 428
02:33:41.711  render           | Video append frame 429
02:33:42.945  render           | Video append frame 430
02:33:44.194  render           | Video append frame 431
02:33:45.447  render           | Video append frame 432
02:33:46.894  render           | Video append frame 433
02:33:48.362  render           | Video append frame 434
02:33:49.600  render           | Video append frame 435
02:33:50.983  render           | Video append frame 436
02:33:52.338  render           | Video append frame 437
02:33:53.581  render           | Video append frame 438
02:33:54.760  render           | Video append frame 439
02:33:55.998  render           | Video append frame 440
02:33:57.292  render           | Video append frame 441
02:33:58.563  render           | Video append frame 442
02:33:59.844  render           | Video append frame 443
02:34:01.147  render           | Video append frame 444
02:34:02.421  render           | Video append frame 445
02:34:03.653  render           | Video append frame 446
02:34:04.889  render           | Video append frame 447
02:34:06.146  render           | Video append frame 448
02:34:07.460  render           | Video append frame 449
02:34:09.027  render           | Video append frame 450
      CAM_B 450/450 frames (100%) 0.8 fps, about 0 min left
    finished CAM_B
    rendering CAM_C (3/3) 450 frames
02:34:10.535  render           | Video append frame 1
02:34:12.247  render           | Video append frame 2
02:34:13.776  render           | Video append frame 3
02:34:15.161  render           | Video append frame 4
02:34:16.645  render           | Video append frame 5
02:34:18.107  render           | Video append frame 6
02:34:19.640  render           | Video append frame 7
02:34:21.168  render           | Video append frame 8
02:34:23.036  render           | Video append frame 9
02:34:24.554  render           | Video append frame 10
02:34:26.266  render           | Video append frame 11
02:34:27.618  render           | Video append frame 12
02:34:29.025  render           | Video append frame 13
02:34:30.491  render           | Video append frame 14
02:34:31.966  render           | Video append frame 15
02:34:33.371  render           | Video append frame 16
02:34:34.790  render           | Video append frame 17
02:34:36.244  render           | Video append frame 18
02:34:37.687  render           | Video append frame 19
02:34:39.149  render           | Video append frame 20
02:34:40.547  render           | Video append frame 21
02:34:41.975  render           | Video append frame 22
02:34:43.416  render           | Video append frame 23
02:34:44.851  render           | Video append frame 24
02:34:46.757  render           | Video append frame 25
      CAM_C 25/450 frames (5%) 0.7 fps, about 11 min left
02:34:48.320  render           | Video append frame 26
02:34:49.779  render           | Video append frame 27
02:34:51.252  render           | Video append frame 28
02:34:52.799  render           | Video append frame 29
02:34:54.288  render           | Video append frame 30
02:34:55.731  render           | Video append frame 31
02:34:57.117  render           | Video append frame 32
02:34:58.558  render           | Video append frame 33
02:35:00.116  render           | Video append frame 34
02:35:01.712  render           | Video append frame 35
02:35:03.134  render           | Video append frame 36
02:35:04.484  render           | Video append frame 37
02:35:05.962  render           | Video append frame 38
02:35:07.381  render           | Video append frame 39
02:35:08.793  render           | Video append frame 40
02:35:10.221  render           | Video append frame 41
02:35:11.645  render           | Video append frame 42
02:35:13.235  render           | Video append frame 43
02:35:14.992  render           | Video append frame 44
02:35:16.499  render           | Video append frame 45
02:35:17.899  render           | Video append frame 46
02:35:19.319  render           | Video append frame 47
02:35:20.759  render           | Video append frame 48
02:35:22.229  render           | Video append frame 49
02:35:23.742  render           | Video append frame 50
      CAM_C 50/450 frames (11%) 0.7 fps, about 10 min left
02:35:25.154  render           | Video append frame 51
02:35:26.563  render           | Video append frame 52
02:35:28.011  render           | Video append frame 53
02:35:29.441  render           | Video append frame 54
02:35:30.877  render           | Video append frame 55
02:35:32.296  render           | Video append frame 56
02:35:33.733  render           | Video append frame 57
02:35:35.163  render           | Video append frame 58
02:35:36.609  render           | Video append frame 59
02:35:38.045  render           | Video append frame 60
02:35:39.505  render           | Video append frame 61
02:35:40.964  render           | Video append frame 62
02:35:42.359  render           | Video append frame 63
02:35:43.805  render           | Video append frame 64
02:35:45.260  render           | Video append frame 65
02:35:46.669  render           | Video append frame 66
02:35:48.102  render           | Video append frame 67
02:35:49.530  render           | Video append frame 68
02:35:50.957  render           | Video append frame 69
02:35:52.378  render           | Video append frame 70
02:35:53.803  render           | Video append frame 71
02:35:55.230  render           | Video append frame 72
02:35:56.660  render           | Video append frame 73
02:35:58.085  render           | Video append frame 74
02:35:59.524  render           | Video append frame 75
      CAM_C 75/450 frames (16%) 0.7 fps, about 9 min left
02:36:00.954  render           | Video append frame 76
02:36:02.381  render           | Video append frame 77
02:36:03.798  render           | Video append frame 78
02:36:05.234  render           | Video append frame 79
02:36:06.658  render           | Video append frame 80
02:36:08.071  render           | Video append frame 81
02:36:09.498  render           | Video append frame 82
02:36:10.930  render           | Video append frame 83
02:36:12.338  render           | Video append frame 84
02:36:13.786  render           | Video append frame 85
02:36:15.247  render           | Video append frame 86
02:36:17.075  render           | Video append frame 87
02:36:18.627  render           | Video append frame 88
02:36:19.947  render           | Video append frame 89
02:36:21.317  render           | Video append frame 90
02:36:22.854  render           | Video append frame 91
02:36:24.306  render           | Video append frame 92
02:36:25.667  render           | Video append frame 93
02:36:27.151  render           | Video append frame 94
02:36:28.554  render           | Video append frame 95
02:36:29.963  render           | Video append frame 96
02:36:31.398  render           | Video append frame 97
02:36:32.853  render           | Video append frame 98
02:36:34.365  render           | Video append frame 99
02:36:35.769  render           | Video append frame 100
      CAM_C 100/450 frames (22%) 0.7 fps, about 9 min left
02:36:37.183  render           | Video append frame 101
02:36:38.617  render           | Video append frame 102
02:36:40.058  render           | Video append frame 103
02:36:41.455  render           | Video append frame 104
02:36:42.862  render           | Video append frame 105
02:36:44.265  render           | Video append frame 106
02:36:45.670  render           | Video append frame 107
02:36:47.097  render           | Video append frame 108
02:36:48.553  render           | Video append frame 109
02:36:50.005  render           | Video append frame 110
02:36:51.478  render           | Video append frame 111
02:36:52.921  render           | Video append frame 112
02:36:54.336  render           | Video append frame 113
02:36:55.783  render           | Video append frame 114
02:36:57.197  render           | Video append frame 115
02:36:58.600  render           | Video append frame 116
02:37:00.119  render           | Video append frame 117
02:37:01.859  render           | Video append frame 118
02:37:03.424  render           | Video append frame 119
02:37:04.783  render           | Video append frame 120
02:37:06.172  render           | Video append frame 121
02:37:07.603  render           | Video append frame 122
02:37:09.068  render           | Video append frame 123
02:37:10.485  render           | Video append frame 124
02:37:11.946  render           | Video append frame 125
      CAM_C 125/450 frames (27%) 0.7 fps, about 8 min left
02:37:13.361  render           | Video append frame 126
02:37:14.766  render           | Video append frame 127
02:37:16.215  render           | Video append frame 128
02:37:17.609  render           | Video append frame 129
02:37:19.082  render           | Video append frame 130
02:37:20.465  render           | Video append frame 131
02:37:21.909  render           | Video append frame 132
02:37:23.347  render           | Video append frame 133
02:37:24.749  render           | Video append frame 134
02:37:26.169  render           | Video append frame 135
02:37:27.639  render           | Video append frame 136
02:37:29.049  render           | Video append frame 137
02:37:30.429  render           | Video append frame 138
02:37:31.891  render           | Video append frame 139
02:37:33.283  render           | Video append frame 140
02:37:34.692  render           | Video append frame 141
02:37:36.153  render           | Video append frame 142
02:37:37.570  render           | Video append frame 143
02:37:38.986  render           | Video append frame 144
02:37:40.387  render           | Video append frame 145
02:37:41.810  render           | Video append frame 146
02:37:43.260  render           | Video append frame 147
02:37:44.678  render           | Video append frame 148
02:37:46.125  render           | Video append frame 149
02:37:47.514  render           | Video append frame 150
      CAM_C 150/450 frames (33%) 0.7 fps, about 7 min left
02:37:48.923  render           | Video append frame 151
02:37:50.345  render           | Video append frame 152
02:37:51.748  render           | Video append frame 153
02:37:53.159  render           | Video append frame 154
02:37:54.565  render           | Video append frame 155
02:37:55.983  render           | Video append frame 156
02:37:57.386  render           | Video append frame 157
02:37:58.863  render           | Video append frame 158
02:38:00.258  render           | Video append frame 159
02:38:01.672  render           | Video append frame 160
02:38:03.069  render           | Video append frame 161
02:38:04.480  render           | Video append frame 162
02:38:05.896  render           | Video append frame 163
02:38:07.309  render           | Video append frame 164
02:38:08.807  render           | Video append frame 165
02:38:10.218  render           | Video append frame 166
02:38:11.658  render           | Video append frame 167
02:38:13.165  render           | Video append frame 168
02:38:14.575  render           | Video append frame 169
02:38:15.986  render           | Video append frame 170
02:38:17.417  render           | Video append frame 171
02:38:18.878  render           | Video append frame 172
02:38:20.317  render           | Video append frame 173
02:38:21.710  render           | Video append frame 174
02:38:23.289  render           | Video append frame 175
      CAM_C 175/450 frames (38%) 0.7 fps, about 7 min left
02:38:24.654  render           | Video append frame 176
02:38:26.094  render           | Video append frame 177
02:38:27.509  render           | Video append frame 178
02:38:28.920  render           | Video append frame 179
02:38:30.431  render           | Video append frame 180
02:38:31.821  render           | Video append frame 181
02:38:33.212  render           | Video append frame 182
02:38:34.639  render           | Video append frame 183
02:38:36.193  render           | Video append frame 184
02:38:37.546  render           | Video append frame 185
02:38:38.984  render           | Video append frame 186
02:38:40.410  render           | Video append frame 187
02:38:41.825  render           | Video append frame 188
02:38:43.215  render           | Video append frame 189
02:38:44.609  render           | Video append frame 190
02:38:46.005  render           | Video append frame 191
02:38:47.439  render           | Video append frame 192
02:38:48.872  render           | Video append frame 193
02:38:50.280  render           | Video append frame 194
02:38:51.748  render           | Video append frame 195
02:38:53.110  render           | Video append frame 196
02:38:54.505  render           | Video append frame 197
02:38:55.904  render           | Video append frame 198
02:38:57.369  render           | Video append frame 199
02:38:58.799  render           | Video append frame 200
      CAM_C 200/450 frames (44%) 0.7 fps, about 6 min left
02:39:00.175  render           | Video append frame 201
02:39:01.568  render           | Video append frame 202
02:39:02.965  render           | Video append frame 203
02:39:04.364  render           | Video append frame 204
02:39:05.762  render           | Video append frame 205
02:39:07.156  render           | Video append frame 206
02:39:08.566  render           | Video append frame 207
02:39:10.270  render           | Video append frame 208
02:39:11.782  render           | Video append frame 209
02:39:13.132  render           | Video append frame 210
02:39:14.516  render           | Video append frame 211
02:39:15.960  render           | Video append frame 212
02:39:17.350  render           | Video append frame 213
02:39:18.744  render           | Video append frame 214
02:39:20.219  render           | Video append frame 215
02:39:21.600  render           | Video append frame 216
02:39:23.057  render           | Video append frame 217
02:39:24.944  render           | Video append frame 218
02:39:26.302  render           | Video append frame 219
02:39:27.688  render           | Video append frame 220
02:39:29.137  render           | Video append frame 221
02:39:30.546  render           | Video append frame 222
02:39:31.980  render           | Video append frame 223
02:39:33.386  render           | Video append frame 224
02:39:34.804  render           | Video append frame 225
      CAM_C 225/450 frames (50%) 0.7 fps, about 5 min left
02:39:36.228  render           | Video append frame 226
02:39:37.637  render           | Video append frame 227
02:39:39.087  render           | Video append frame 228
02:39:40.538  render           | Video append frame 229
02:39:41.936  render           | Video append frame 230
02:39:43.331  render           | Video append frame 231
02:39:45.119  render           | Video append frame 232
02:39:46.958  render           | Video append frame 233
02:39:48.307  render           | Video append frame 234
02:39:49.721  render           | Video append frame 235
02:39:51.156  render           | Video append frame 236
02:39:52.557  render           | Video append frame 237
02:39:53.950  render           | Video append frame 238
02:39:55.751  render           | Video append frame 239
02:39:57.243  render           | Video append frame 240
02:39:59.025  render           | Video append frame 241
02:40:00.387  render           | Video append frame 242
02:40:01.803  render           | Video append frame 243
02:40:03.208  render           | Video append frame 244
02:40:04.634  render           | Video append frame 245
02:40:06.073  render           | Video append frame 246
02:40:07.466  render           | Video append frame 247
02:40:08.877  render           | Video append frame 248
02:40:10.294  render           | Video append frame 249
02:40:11.691  render           | Video append frame 250
      CAM_C 250/450 frames (55%) 0.7 fps, about 5 min left
02:40:13.083  render           | Video append frame 251
02:40:14.574  render           | Video append frame 252
02:40:16.510  render           | Video append frame 253
02:40:18.209  render           | Video append frame 254
02:40:19.591  render           | Video append frame 255
02:40:21.034  render           | Video append frame 256
02:40:22.446  render           | Video append frame 257
02:40:23.861  render           | Video append frame 258
02:40:25.340  render           | Video append frame 259
02:40:26.745  render           | Video append frame 260
02:40:28.144  render           | Video append frame 261
02:40:29.620  render           | Video append frame 262
02:40:31.167  render           | Video append frame 263
02:40:32.845  render           | Video append frame 264
02:40:34.171  render           | Video append frame 265
02:40:35.571  render           | Video append frame 266
02:40:36.986  render           | Video append frame 267
02:40:38.381  render           | Video append frame 268
02:40:39.891  render           | Video append frame 269
02:40:41.307  render           | Video append frame 270
02:40:42.729  render           | Video append frame 271
02:40:44.154  render           | Video append frame 272
02:40:45.650  render           | Video append frame 273
02:40:47.203  render           | Video append frame 274
02:40:48.563  render           | Video append frame 275
      CAM_C 275/450 frames (61%) 0.7 fps, about 4 min left
02:40:49.951  render           | Video append frame 276
02:40:51.461  render           | Video append frame 277
02:40:52.855  render           | Video append frame 278
02:40:54.366  render           | Video append frame 279
02:40:55.774  render           | Video append frame 280
02:40:57.240  render           | Video append frame 281
02:40:58.797  render           | Video append frame 282
02:41:00.195  render           | Video append frame 283
02:41:01.696  render           | Video append frame 284
02:41:03.398  render           | Video append frame 285
02:41:05.132  render           | Video append frame 286
02:41:06.511  render           | Video append frame 287
02:41:07.903  render           | Video append frame 288
02:41:09.387  render           | Video append frame 289
02:41:10.983  render           | Video append frame 290
02:41:12.358  render           | Video append frame 291
02:41:13.761  render           | Video append frame 292
02:41:15.170  render           | Video append frame 293
02:41:16.657  render           | Video append frame 294
02:41:18.128  render           | Video append frame 295
02:41:19.529  render           | Video append frame 296
02:41:20.910  render           | Video append frame 297
02:41:22.342  render           | Video append frame 298
02:41:23.749  render           | Video append frame 299
02:41:25.177  render           | Video append frame 300
      CAM_C 300/450 frames (66%) 0.7 fps, about 4 min left
02:41:26.582  render           | Video append frame 301
02:41:28.019  render           | Video append frame 302
02:41:29.414  render           | Video append frame 303
02:41:31.071  render           | Video append frame 304
02:41:32.741  render           | Video append frame 305
02:41:34.219  render           | Video append frame 306
02:41:35.762  render           | Video append frame 307
02:41:37.224  render           | Video append frame 308
02:41:38.692  render           | Video append frame 309
02:41:40.225  render           | Video append frame 310
02:41:41.704  render           | Video append frame 311
02:41:43.219  render           | Video append frame 312
02:41:44.683  render           | Video append frame 313
02:41:46.176  render           | Video append frame 314
02:41:47.686  render           | Video append frame 315
02:41:49.056  render           | Video append frame 316
02:41:50.445  render           | Video append frame 317
02:41:51.993  render           | Video append frame 318
02:41:53.548  render           | Video append frame 319
02:41:54.948  render           | Video append frame 320
02:41:56.327  render           | Video append frame 321
02:41:57.837  render           | Video append frame 322
02:41:59.300  render           | Video append frame 323
02:42:00.714  render           | Video append frame 324
02:42:02.148  render           | Video append frame 325
      CAM_C 325/450 frames (72%) 0.7 fps, about 3 min left
02:42:03.724  render           | Video append frame 326
02:42:05.128  render           | Video append frame 327
02:42:06.572  render           | Video append frame 328
02:42:08.082  render           | Video append frame 329
02:42:09.889  render           | Video append frame 330
02:42:11.294  render           | Video append frame 331
02:42:12.770  render           | Video append frame 332
02:42:14.160  render           | Video append frame 333
02:42:15.583  render           | Video append frame 334
02:42:17.108  render           | Video append frame 335
02:42:18.633  render           | Video append frame 336
02:42:20.404  render           | Video append frame 337
02:42:21.802  render           | Video append frame 338
02:42:23.266  render           | Video append frame 339
02:42:24.850  render           | Video append frame 340
02:42:26.277  render           | Video append frame 341
02:42:27.852  render           | Video append frame 342
02:42:29.226  render           | Video append frame 343
02:42:30.607  render           | Video append frame 344
02:42:32.012  render           | Video append frame 345
02:42:33.549  render           | Video append frame 346
02:42:34.949  render           | Video append frame 347
02:42:36.331  render           | Video append frame 348
02:42:37.777  render           | Video append frame 349
02:42:39.193  render           | Video append frame 350
      CAM_C 350/450 frames (77%) 0.7 fps, about 2 min left
02:42:40.991  render           | Video append frame 351
02:42:42.454  render           | Video append frame 352
02:42:44.195  render           | Video append frame 353
02:42:45.608  render           | Video append frame 354
02:42:47.034  render           | Video append frame 355
02:42:48.469  render           | Video append frame 356
02:42:50.257  render           | Video append frame 357
02:42:51.687  render           | Video append frame 358
02:42:53.143  render           | Video append frame 359
02:42:54.821  render           | Video append frame 360
02:42:56.365  render           | Video append frame 361
02:42:57.857  render           | Video append frame 362
02:42:59.351  render           | Video append frame 363
02:43:00.742  render           | Video append frame 364
02:43:02.137  render           | Video append frame 365
02:43:03.607  render           | Video append frame 366
02:43:05.049  render           | Video append frame 367
02:43:06.526  render           | Video append frame 368
02:43:07.896  render           | Video append frame 369
02:43:09.279  render           | Video append frame 370
02:43:10.775  render           | Video append frame 371
02:43:12.165  render           | Video append frame 372
02:43:13.541  render           | Video append frame 373
02:43:14.949  render           | Video append frame 374
02:43:16.383  render           | Video append frame 375
      CAM_C 375/450 frames (83%) 0.7 fps, about 2 min left
02:43:17.770  render           | Video append frame 376
02:43:19.165  render           | Video append frame 377
02:43:20.557  render           | Video append frame 378
02:43:21.960  render           | Video append frame 379
02:43:23.352  render           | Video append frame 380
02:43:24.741  render           | Video append frame 381
02:43:26.133  render           | Video append frame 382
02:43:27.531  render           | Video append frame 383
02:43:28.925  render           | Video append frame 384
02:43:30.315  render           | Video append frame 385
02:43:31.707  render           | Video append frame 386
02:43:33.102  render           | Video append frame 387
02:43:34.493  render           | Video append frame 388
02:43:35.892  render           | Video append frame 389
02:43:37.450  render           | Video append frame 390
02:43:38.815  render           | Video append frame 391
02:43:40.178  render           | Video append frame 392
02:43:41.565  render           | Video append frame 393
02:43:43.038  render           | Video append frame 394
02:43:44.406  render           | Video append frame 395
02:43:45.789  render           | Video append frame 396
02:43:47.178  render           | Video append frame 397
02:43:48.573  render           | Video append frame 398
02:43:49.963  render           | Video append frame 399
02:43:51.353  render           | Video append frame 400
      CAM_C 400/450 frames (88%) 0.7 fps, about 1 min left
02:43:52.852  render           | Video append frame 401
02:43:54.218  render           | Video append frame 402
02:43:55.719  render           | Video append frame 403
02:43:57.085  render           | Video append frame 404
02:43:58.470  render           | Video append frame 405
02:43:59.861  render           | Video append frame 406
02:44:01.278  render           | Video append frame 407
02:44:02.664  render           | Video append frame 408
02:44:04.080  render           | Video append frame 409
02:44:05.504  render           | Video append frame 410
02:44:06.883  render           | Video append frame 411
02:44:08.263  render           | Video append frame 412
02:44:09.644  render           | Video append frame 413
02:44:11.031  render           | Video append frame 414
02:44:12.417  render           | Video append frame 415
02:44:13.801  render           | Video append frame 416
02:44:15.186  render           | Video append frame 417
02:44:16.600  render           | Video append frame 418
02:44:17.980  render           | Video append frame 419
02:44:19.359  render           | Video append frame 420
02:44:20.744  render           | Video append frame 421
02:44:22.130  render           | Video append frame 422
02:44:23.511  render           | Video append frame 423
02:44:24.895  render           | Video append frame 424
02:44:26.275  render           | Video append frame 425
      CAM_C 425/450 frames (94%) 0.7 fps, about 1 min left
02:44:27.661  render           | Video append frame 426
02:44:29.047  render           | Video append frame 427
02:44:30.432  render           | Video append frame 428
02:44:31.814  render           | Video append frame 429
02:44:33.200  render           | Video append frame 430
02:44:34.578  render           | Video append frame 431
02:44:35.960  render           | Video append frame 432
02:44:37.342  render           | Video append frame 433
02:44:38.728  render           | Video append frame 434
02:44:40.099  render           | Video append frame 435
02:44:41.473  render           | Video append frame 436
02:44:42.860  render           | Video append frame 437
02:44:44.243  render           | Video append frame 438
02:44:45.619  render           | Video append frame 439
02:44:47.071  render           | Video append frame 440
02:44:48.483  render           | Video append frame 441
02:44:49.838  render           | Video append frame 442
02:44:51.314  render           | Video append frame 443
02:44:52.671  render           | Video append frame 444
02:44:54.052  render           | Video append frame 445
02:44:55.459  render           | Video append frame 446
02:44:56.849  render           | Video append frame 447
02:44:58.439  render           | Video append frame 448
02:45:00.146  render           | Video append frame 449
02:45:01.461  render           | Video append frame 450
      CAM_C 450/450 frames (100%) 0.7 fps, about 0 min left
    finished CAM_C
  observations : 1457
  events       : 6
  written to   : /Users/adityasingh/codes/Rewind/data/samples/case_05

[6/6] case_06 — BLOCKED_AMBIGUOUS (450 frames)
    frame 0/450  observations 1
    frame 50/450  observations 66
    frame 100/450  observations 208
    frame 150/450  observations 531
    frame 200/450  observations 881
    frame 250/450  observations 1217
    frame 300/450  observations 1443
    frame 350/450  observations 1643
    frame 400/450  observations 1843
    rendering CAM_A (1/3) 450 frames
02:45:11.171  render           | Video append frame 1
02:45:12.381  render           | Video append frame 2
02:45:13.594  render           | Video append frame 3
02:45:14.832  render           | Video append frame 4
02:45:16.136  render           | Video append frame 5
02:45:17.389  render           | Video append frame 6
02:45:18.791  render           | Video append frame 7
02:45:20.263  render           | Video append frame 8
02:45:21.643  render           | Video append frame 9
02:45:23.011  render           | Video append frame 10
02:45:24.384  render           | Video append frame 11
02:45:25.765  render           | Video append frame 12
02:45:27.116  render           | Video append frame 13
02:45:28.476  render           | Video append frame 14
02:45:29.844  render           | Video append frame 15
02:45:31.196  render           | Video append frame 16
02:45:32.541  render           | Video append frame 17
02:45:33.852  render           | Video append frame 18
02:45:35.222  render           | Video append frame 19
02:45:36.526  render           | Video append frame 20
02:45:37.854  render           | Video append frame 21
02:45:39.231  render           | Video append frame 22
02:45:40.559  render           | Video append frame 23
02:45:42.032  render           | Video append frame 24
02:45:43.407  render           | Video append frame 25
      CAM_A 25/450 frames (5%) 0.7 fps, about 9 min left
02:45:44.663  render           | Video append frame 26
02:45:46.014  render           | Video append frame 27
02:45:47.388  render           | Video append frame 28
02:45:48.705  render           | Video append frame 29
02:45:50.041  render           | Video append frame 30
02:45:51.432  render           | Video append frame 31
02:45:52.795  render           | Video append frame 32
02:45:54.139  render           | Video append frame 33
02:45:55.466  render           | Video append frame 34
02:45:56.825  render           | Video append frame 35
02:45:58.128  render           | Video append frame 36
02:45:59.500  render           | Video append frame 37
02:46:01.455  render           | Video append frame 38
02:46:03.033  render           | Video append frame 39
02:46:04.686  render           | Video append frame 40
02:46:06.141  render           | Video append frame 41
02:46:07.671  render           | Video append frame 42
02:46:09.233  render           | Video append frame 43
02:46:10.571  render           | Video append frame 44
02:46:12.102  render           | Video append frame 45
02:46:13.500  render           | Video append frame 46
02:46:14.820  render           | Video append frame 47
02:46:16.405  render           | Video append frame 48
02:46:18.112  render           | Video append frame 49
02:46:19.432  render           | Video append frame 50
      CAM_A 50/450 frames (11%) 0.7 fps, about 9 min left
02:46:20.829  render           | Video append frame 51
02:46:22.198  render           | Video append frame 52
02:46:23.464  render           | Video append frame 53
02:46:24.863  render           | Video append frame 54
02:46:26.356  render           | Video append frame 55
02:46:27.632  render           | Video append frame 56
02:46:28.920  render           | Video append frame 57
02:46:30.230  render           | Video append frame 58
02:46:31.554  render           | Video append frame 59
02:46:32.854  render           | Video append frame 60
02:46:34.352  render           | Video append frame 61
02:46:35.613  render           | Video append frame 62
02:46:36.902  render           | Video append frame 63
02:46:38.208  render           | Video append frame 64
02:46:39.520  render           | Video append frame 65
02:46:40.811  render           | Video append frame 66
02:46:42.114  render           | Video append frame 67
02:46:43.416  render           | Video append frame 68
02:46:44.729  render           | Video append frame 69
02:46:46.241  render           | Video append frame 70
02:46:47.546  render           | Video append frame 71
02:46:48.822  render           | Video append frame 72
02:46:50.254  render           | Video append frame 73
02:46:51.522  render           | Video append frame 74
02:46:52.807  render           | Video append frame 75
      CAM_A 75/450 frames (16%) 0.7 fps, about 9 min left
02:46:54.124  render           | Video append frame 76
02:46:55.438  render           | Video append frame 77
02:46:56.737  render           | Video append frame 78
02:46:58.077  render           | Video append frame 79
02:46:59.416  render           | Video append frame 80
02:47:00.851  render           | Video append frame 81
02:47:02.567  render           | Video append frame 82
02:47:04.231  render           | Video append frame 83
02:47:05.635  render           | Video append frame 84
02:47:06.933  render           | Video append frame 85
02:47:08.484  render           | Video append frame 86
02:47:10.147  render           | Video append frame 87
02:47:11.460  render           | Video append frame 88
02:47:12.850  render           | Video append frame 89
02:47:14.165  render           | Video append frame 90
02:47:15.467  render           | Video append frame 91
02:47:16.802  render           | Video append frame 92
02:47:18.131  render           | Video append frame 93
02:47:19.464  render           | Video append frame 94
02:47:20.794  render           | Video append frame 95
02:47:22.104  render           | Video append frame 96
02:47:23.525  render           | Video append frame 97
02:47:24.894  render           | Video append frame 98
02:47:26.194  render           | Video append frame 99
02:47:27.524  render           | Video append frame 100
      CAM_A 100/450 frames (22%) 0.7 fps, about 8 min left
02:47:28.836  render           | Video append frame 101
02:47:30.221  render           | Video append frame 102
02:47:31.541  render           | Video append frame 103
02:47:32.857  render           | Video append frame 104
02:47:34.249  render           | Video append frame 105
02:47:35.581  render           | Video append frame 106
02:47:36.889  render           | Video append frame 107
02:47:38.292  render           | Video append frame 108
02:47:39.690  render           | Video append frame 109
02:47:41.041  render           | Video append frame 110
02:47:42.418  render           | Video append frame 111
02:47:43.698  render           | Video append frame 112
02:47:45.092  render           | Video append frame 113
02:47:46.495  render           | Video append frame 114
02:47:47.813  render           | Video append frame 115
02:47:49.171  render           | Video append frame 116
02:47:50.548  render           | Video append frame 117
02:47:51.839  render           | Video append frame 118
02:47:53.173  render           | Video append frame 119
02:47:54.491  render           | Video append frame 120
02:47:55.848  render           | Video append frame 121
02:47:57.186  render           | Video append frame 122
02:47:58.550  render           | Video append frame 123
02:47:59.830  render           | Video append frame 124
02:48:01.125  render           | Video append frame 125
      CAM_A 125/450 frames (27%) 0.7 fps, about 7 min left
02:48:02.494  render           | Video append frame 126
02:48:03.844  render           | Video append frame 127
02:48:05.119  render           | Video append frame 128
02:48:06.420  render           | Video append frame 129
02:48:07.740  render           | Video append frame 130
02:48:09.070  render           | Video append frame 131
02:48:10.385  render           | Video append frame 132
02:48:11.748  render           | Video append frame 133
02:48:13.052  render           | Video append frame 134
02:48:14.358  render           | Video append frame 135
02:48:15.691  render           | Video append frame 136
02:48:17.123  render           | Video append frame 137
02:48:18.427  render           | Video append frame 138
02:48:19.793  render           | Video append frame 139
02:48:21.144  render           | Video append frame 140
02:48:22.751  render           | Video append frame 141
02:48:24.588  render           | Video append frame 142
02:48:26.281  render           | Video append frame 143
02:48:27.557  render           | Video append frame 144
02:48:29.069  render           | Video append frame 145
02:48:30.448  render           | Video append frame 146
02:48:31.842  render           | Video append frame 147
02:48:33.393  render           | Video append frame 148
02:48:34.945  render           | Video append frame 149
02:48:36.227  render           | Video append frame 150
      CAM_A 150/450 frames (33%) 0.7 fps, about 7 min left
02:48:37.509  render           | Video append frame 151
02:48:38.831  render           | Video append frame 152
02:48:40.144  render           | Video append frame 153
02:48:41.437  render           | Video append frame 154
02:48:42.732  render           | Video append frame 155
02:48:44.033  render           | Video append frame 156
02:48:45.474  render           | Video append frame 157
02:48:46.783  render           | Video append frame 158
02:48:48.391  render           | Video append frame 159
02:48:49.701  render           | Video append frame 160
02:48:50.980  render           | Video append frame 161
02:48:52.485  render           | Video append frame 162
02:48:53.756  render           | Video append frame 163
02:48:55.032  render           | Video append frame 164
02:48:56.403  render           | Video append frame 165
02:48:57.673  render           | Video append frame 166
02:48:59.165  render           | Video append frame 167
02:49:00.680  render           | Video append frame 168
02:49:02.028  render           | Video append frame 169
02:49:03.285  render           | Video append frame 170
02:49:04.563  render           | Video append frame 171
02:49:05.891  render           | Video append frame 172
02:49:07.211  render           | Video append frame 173
02:49:08.621  render           | Video append frame 174
02:49:09.936  render           | Video append frame 175
      CAM_A 175/450 frames (38%) 0.7 fps, about 6 min left
02:49:11.228  render           | Video append frame 176
02:49:12.521  render           | Video append frame 177
02:49:13.905  render           | Video append frame 178
02:49:15.236  render           | Video append frame 179
02:49:16.588  render           | Video append frame 180
02:49:17.930  render           | Video append frame 181
02:49:19.217  render           | Video append frame 182
02:49:20.505  render           | Video append frame 183
02:49:21.829  render           | Video append frame 184
02:49:23.165  render           | Video append frame 185
02:49:24.445  render           | Video append frame 186
02:49:25.759  render           | Video append frame 187
02:49:27.061  render           | Video append frame 188
02:49:28.334  render           | Video append frame 189
02:49:29.686  render           | Video append frame 190
02:49:30.966  render           | Video append frame 191
02:49:32.232  render           | Video append frame 192
02:49:33.565  render           | Video append frame 193
02:49:34.850  render           | Video append frame 194
02:49:36.153  render           | Video append frame 195
02:49:37.469  render           | Video append frame 196
02:49:38.831  render           | Video append frame 197
02:49:40.269  render           | Video append frame 198
02:49:41.758  render           | Video append frame 199
02:49:43.061  render           | Video append frame 200
      CAM_A 200/450 frames (44%) 0.7 fps, about 6 min left
02:49:44.556  render           | Video append frame 201
02:49:45.890  render           | Video append frame 202
02:49:47.139  render           | Video append frame 203
02:49:48.437  render           | Video append frame 204
02:49:49.755  render           | Video append frame 205
02:49:51.136  render           | Video append frame 206
02:49:52.420  render           | Video append frame 207
02:49:53.687  render           | Video append frame 208
02:49:54.969  render           | Video append frame 209
02:49:56.258  render           | Video append frame 210
02:49:57.552  render           | Video append frame 211
02:49:58.841  render           | Video append frame 212
02:50:00.120  render           | Video append frame 213
02:50:01.407  render           | Video append frame 214
02:50:02.700  render           | Video append frame 215
02:50:03.987  render           | Video append frame 216
02:50:05.269  render           | Video append frame 217
02:50:06.555  render           | Video append frame 218
02:50:07.850  render           | Video append frame 219
02:50:09.176  render           | Video append frame 220
02:50:10.534  render           | Video append frame 221
02:50:11.876  render           | Video append frame 222
02:50:13.142  render           | Video append frame 223
02:50:14.449  render           | Video append frame 224
02:50:16.126  render           | Video append frame 225
      CAM_A 225/450 frames (50%) 0.7 fps, about 5 min left
02:50:17.824  render           | Video append frame 226
02:50:19.340  render           | Video append frame 227
02:50:20.680  render           | Video append frame 228
02:50:22.178  render           | Video append frame 229
02:50:23.634  render           | Video append frame 230
02:50:25.083  render           | Video append frame 231
02:50:26.540  render           | Video append frame 232
02:50:27.934  render           | Video append frame 233
02:50:29.312  render           | Video append frame 234
02:50:30.640  render           | Video append frame 235
02:50:32.390  render           | Video append frame 236
02:50:33.740  render           | Video append frame 237
02:50:35.077  render           | Video append frame 238
02:50:36.456  render           | Video append frame 239
02:50:37.729  render           | Video append frame 240
02:50:39.073  render           | Video append frame 241
02:50:40.431  render           | Video append frame 242
02:50:41.743  render           | Video append frame 243
02:50:43.053  render           | Video append frame 244
02:50:44.387  render           | Video append frame 245
02:50:45.712  render           | Video append frame 246
02:50:47.008  render           | Video append frame 247
02:50:48.308  render           | Video append frame 248
02:50:49.618  render           | Video append frame 249
02:50:50.932  render           | Video append frame 250
      CAM_A 250/450 frames (55%) 0.7 fps, about 5 min left
02:50:52.310  render           | Video append frame 251
02:50:53.628  render           | Video append frame 252
02:50:54.910  render           | Video append frame 253
02:50:56.252  render           | Video append frame 254
02:50:57.615  render           | Video append frame 255
02:50:58.901  render           | Video append frame 256
02:51:00.234  render           | Video append frame 257
02:51:01.545  render           | Video append frame 258
02:51:02.855  render           | Video append frame 259
02:51:04.247  render           | Video append frame 260
02:51:05.529  render           | Video append frame 261
02:51:06.823  render           | Video append frame 262
02:51:08.167  render           | Video append frame 263
02:51:09.486  render           | Video append frame 264
02:51:10.784  render           | Video append frame 265
02:51:12.132  render           | Video append frame 266
02:51:13.455  render           | Video append frame 267
02:51:14.774  render           | Video append frame 268
02:51:16.130  render           | Video append frame 269
02:51:17.465  render           | Video append frame 270
02:51:18.775  render           | Video append frame 271
02:51:20.086  render           | Video append frame 272
02:51:21.432  render           | Video append frame 273
02:51:22.740  render           | Video append frame 274
02:51:24.087  render           | Video append frame 275
      CAM_A 275/450 frames (61%) 0.7 fps, about 4 min left
02:51:25.406  render           | Video append frame 276
02:51:26.768  render           | Video append frame 277
02:51:28.079  render           | Video append frame 278
02:51:29.484  render           | Video append frame 279
02:51:30.784  render           | Video append frame 280
02:51:32.090  render           | Video append frame 281
02:51:33.423  render           | Video append frame 282
02:51:34.734  render           | Video append frame 283
02:51:36.030  render           | Video append frame 284
02:51:37.336  render           | Video append frame 285
02:51:38.715  render           | Video append frame 286
02:51:40.037  render           | Video append frame 287
02:51:41.345  render           | Video append frame 288
02:51:42.635  render           | Video append frame 289
02:51:43.930  render           | Video append frame 290
02:51:45.265  render           | Video append frame 291
02:51:46.581  render           | Video append frame 292
02:51:47.879  render           | Video append frame 293
02:51:49.289  render           | Video append frame 294
02:51:50.580  render           | Video append frame 295
02:51:51.901  render           | Video append frame 296
02:51:53.230  render           | Video append frame 297
02:51:54.573  render           | Video append frame 298
02:51:55.946  render           | Video append frame 299
02:51:57.250  render           | Video append frame 300
      CAM_A 300/450 frames (66%) 0.7 fps, about 3 min left
02:51:58.564  render           | Video append frame 301
02:51:59.882  render           | Video append frame 302
02:52:01.260  render           | Video append frame 303
02:52:02.599  render           | Video append frame 304
02:52:03.918  render           | Video append frame 305
02:52:05.227  render           | Video append frame 306
02:52:06.543  render           | Video append frame 307
02:52:07.904  render           | Video append frame 308
02:52:09.203  render           | Video append frame 309
02:52:10.528  render           | Video append frame 310
02:52:11.903  render           | Video append frame 311
02:52:13.175  render           | Video append frame 312
02:52:14.485  render           | Video append frame 313
02:52:15.839  render           | Video append frame 314
02:52:17.146  render           | Video append frame 315
02:52:18.428  render           | Video append frame 316
02:52:19.731  render           | Video append frame 317
02:52:21.051  render           | Video append frame 318
02:52:22.419  render           | Video append frame 319
02:52:23.809  render           | Video append frame 320
02:52:25.103  render           | Video append frame 321
02:52:26.469  render           | Video append frame 322
02:52:27.802  render           | Video append frame 323
02:52:29.125  render           | Video append frame 324
02:52:30.442  render           | Video append frame 325
      CAM_A 325/450 frames (72%) 0.7 fps, about 3 min left
02:52:31.741  render           | Video append frame 326
02:52:33.104  render           | Video append frame 327
02:52:34.411  render           | Video append frame 328
02:52:35.744  render           | Video append frame 329
02:52:37.047  render           | Video append frame 330
02:52:38.373  render           | Video append frame 331
02:52:39.686  render           | Video append frame 332
02:52:40.983  render           | Video append frame 333
02:52:42.340  render           | Video append frame 334
02:52:43.673  render           | Video append frame 335
02:52:44.977  render           | Video append frame 336
02:52:46.253  render           | Video append frame 337
02:52:47.567  render           | Video append frame 338
02:52:48.953  render           | Video append frame 339
02:52:50.266  render           | Video append frame 340
02:52:51.531  render           | Video append frame 341
02:52:52.873  render           | Video append frame 342
02:52:54.234  render           | Video append frame 343
02:52:55.565  render           | Video append frame 344
02:52:56.900  render           | Video append frame 345
02:52:58.197  render           | Video append frame 346
02:52:59.532  render           | Video append frame 347
02:53:00.973  render           | Video append frame 348
02:53:02.470  render           | Video append frame 349
02:53:03.750  render           | Video append frame 350
      CAM_A 350/450 frames (77%) 0.7 fps, about 2 min left
02:53:05.011  render           | Video append frame 351
02:53:06.319  render           | Video append frame 352
02:53:07.636  render           | Video append frame 353
02:53:08.952  render           | Video append frame 354
02:53:10.249  render           | Video append frame 355
02:53:11.579  render           | Video append frame 356
02:53:12.894  render           | Video append frame 357
02:53:14.246  render           | Video append frame 358
02:53:15.564  render           | Video append frame 359
02:53:16.904  render           | Video append frame 360
02:53:18.208  render           | Video append frame 361
02:53:19.600  render           | Video append frame 362
02:53:20.887  render           | Video append frame 363
02:53:22.195  render           | Video append frame 364
02:53:23.500  render           | Video append frame 365
02:53:24.813  render           | Video append frame 366
02:53:26.285  render           | Video append frame 367
02:53:27.652  render           | Video append frame 368
02:53:28.916  render           | Video append frame 369
02:53:30.187  render           | Video append frame 370
02:53:31.511  render           | Video append frame 371
02:53:32.831  render           | Video append frame 372
02:53:34.104  render           | Video append frame 373
02:53:35.396  render           | Video append frame 374
02:53:36.690  render           | Video append frame 375
      CAM_A 375/450 frames (83%) 0.7 fps, about 2 min left
02:53:37.982  render           | Video append frame 376
02:53:39.269  render           | Video append frame 377
02:53:40.564  render           | Video append frame 378
02:53:41.878  render           | Video append frame 379
02:53:43.168  render           | Video append frame 380
02:53:44.511  render           | Video append frame 381
02:53:45.843  render           | Video append frame 382
02:53:47.153  render           | Video append frame 383
02:53:48.445  render           | Video append frame 384
02:53:49.720  render           | Video append frame 385
02:53:51.002  render           | Video append frame 386
02:53:52.306  render           | Video append frame 387
02:53:53.620  render           | Video append frame 388
02:53:54.954  render           | Video append frame 389
02:53:56.210  render           | Video append frame 390
02:53:57.538  render           | Video append frame 391
02:53:58.855  render           | Video append frame 392
02:54:00.127  render           | Video append frame 393
02:54:01.421  render           | Video append frame 394
02:54:02.722  render           | Video append frame 395
02:54:04.024  render           | Video append frame 396
02:54:05.310  render           | Video append frame 397
02:54:06.597  render           | Video append frame 398
02:54:07.890  render           | Video append frame 399
02:54:09.208  render           | Video append frame 400
      CAM_A 400/450 frames (88%) 0.7 fps, about 1 min left
02:54:10.548  render           | Video append frame 401
02:54:11.826  render           | Video append frame 402
02:54:13.092  render           | Video append frame 403
02:54:14.385  render           | Video append frame 404
02:54:15.711  render           | Video append frame 405
02:54:17.039  render           | Video append frame 406
02:54:18.300  render           | Video append frame 407
02:54:19.576  render           | Video append frame 408
02:54:20.857  render           | Video append frame 409
02:54:22.199  render           | Video append frame 410
02:54:23.466  render           | Video append frame 411
02:54:24.806  render           | Video append frame 412
02:54:26.149  render           | Video append frame 413
02:54:27.406  render           | Video append frame 414
02:54:28.737  render           | Video append frame 415
02:54:30.018  render           | Video append frame 416
02:54:31.380  render           | Video append frame 417
02:54:32.689  render           | Video append frame 418
02:54:33.951  render           | Video append frame 419
02:54:35.274  render           | Video append frame 420
02:54:36.614  render           | Video append frame 421
02:54:37.876  render           | Video append frame 422
02:54:39.232  render           | Video append frame 423
02:54:40.498  render           | Video append frame 424
02:54:41.824  render           | Video append frame 425
      CAM_A 425/450 frames (94%) 0.7 fps, about 1 min left
02:54:43.099  render           | Video append frame 426
02:54:44.473  render           | Video append frame 427
02:54:45.735  render           | Video append frame 428
02:54:47.065  render           | Video append frame 429
02:54:48.344  render           | Video append frame 430
02:54:49.733  render           | Video append frame 431
02:54:51.005  render           | Video append frame 432
02:54:52.296  render           | Video append frame 433
02:54:53.576  render           | Video append frame 434
02:54:54.858  render           | Video append frame 435
02:54:56.192  render           | Video append frame 436
02:54:57.451  render           | Video append frame 437
02:54:58.800  render           | Video append frame 438
02:55:00.088  render           | Video append frame 439
02:55:01.353  render           | Video append frame 440
02:55:02.651  render           | Video append frame 441
02:55:03.945  render           | Video append frame 442
02:55:05.236  render           | Video append frame 443
02:55:06.565  render           | Video append frame 444
02:55:07.823  render           | Video append frame 445
02:55:09.339  render           | Video append frame 446
02:55:10.904  render           | Video append frame 447
02:55:12.221  render           | Video append frame 448
02:55:13.649  render           | Video append frame 449
02:55:14.954  render           | Video append frame 450
      CAM_A 450/450 frames (100%) 0.7 fps, about 0 min left
    finished CAM_A
    rendering CAM_B (2/3) 450 frames
02:55:16.196  render           | Video append frame 1
02:55:17.403  render           | Video append frame 2
02:55:18.634  render           | Video append frame 3
02:55:19.837  render           | Video append frame 4
02:55:21.027  render           | Video append frame 5
02:55:22.294  render           | Video append frame 6
02:55:23.478  render           | Video append frame 7
02:55:24.676  render           | Video append frame 8
02:55:25.921  render           | Video append frame 9
02:55:27.146  render           | Video append frame 10
02:55:28.341  render           | Video append frame 11
02:55:29.566  render           | Video append frame 12
02:55:30.801  render           | Video append frame 13
02:55:32.051  render           | Video append frame 14
02:55:33.246  render           | Video append frame 15
02:55:34.506  render           | Video append frame 16
02:55:35.724  render           | Video append frame 17
02:55:36.961  render           | Video append frame 18
02:55:38.147  render           | Video append frame 19
02:55:39.337  render           | Video append frame 20
02:55:40.615  render           | Video append frame 21
02:55:41.829  render           | Video append frame 22
02:55:43.029  render           | Video append frame 23
02:55:44.232  render           | Video append frame 24
02:55:45.506  render           | Video append frame 25
      CAM_B 25/450 frames (5%) 0.8 fps, about 9 min left
02:55:46.771  render           | Video append frame 26
02:55:48.158  render           | Video append frame 27
02:55:49.667  render           | Video append frame 28
02:55:50.870  render           | Video append frame 29
02:55:52.141  render           | Video append frame 30
02:55:53.544  render           | Video append frame 31
02:55:54.837  render           | Video append frame 32
02:55:56.087  render           | Video append frame 33
02:55:57.340  render           | Video append frame 34
02:55:58.533  render           | Video append frame 35
02:55:59.759  render           | Video append frame 36
02:56:00.985  render           | Video append frame 37
02:56:02.167  render           | Video append frame 38
02:56:03.362  render           | Video append frame 39
02:56:04.566  render           | Video append frame 40
02:56:05.790  render           | Video append frame 41
02:56:06.996  render           | Video append frame 42
02:56:08.201  render           | Video append frame 43
02:56:09.399  render           | Video append frame 44
02:56:10.604  render           | Video append frame 45
02:56:11.887  render           | Video append frame 46
02:56:13.072  render           | Video append frame 47
02:56:14.265  render           | Video append frame 48
02:56:15.480  render           | Video append frame 49
02:56:16.662  render           | Video append frame 50
      CAM_B 50/450 frames (11%) 0.8 fps, about 8 min left
02:56:17.877  render           | Video append frame 51
02:56:19.097  render           | Video append frame 52
02:56:20.327  render           | Video append frame 53
02:56:21.649  render           | Video append frame 54
02:56:22.831  render           | Video append frame 55
02:56:24.018  render           | Video append frame 56
02:56:25.245  render           | Video append frame 57
02:56:26.519  render           | Video append frame 58
02:56:27.732  render           | Video append frame 59
02:56:28.935  render           | Video append frame 60
02:56:30.117  render           | Video append frame 61
02:56:31.309  render           | Video append frame 62
02:56:32.549  render           | Video append frame 63
02:56:33.800  render           | Video append frame 64
02:56:34.991  render           | Video append frame 65
02:56:36.211  render           | Video append frame 66
02:56:37.481  render           | Video append frame 67
02:56:38.662  render           | Video append frame 68
02:56:39.919  render           | Video append frame 69
02:56:41.123  render           | Video append frame 70
02:56:42.324  render           | Video append frame 71
02:56:43.630  render           | Video append frame 72
02:56:44.832  render           | Video append frame 73
02:56:46.251  render           | Video append frame 74
02:56:47.499  render           | Video append frame 75
      CAM_B 75/450 frames (16%) 0.8 fps, about 8 min left
02:56:48.958  render           | Video append frame 76
02:56:50.191  render           | Video append frame 77
02:56:51.437  render           | Video append frame 78
02:56:52.638  render           | Video append frame 79
02:56:53.869  render           | Video append frame 80
02:56:55.146  render           | Video append frame 81
02:56:56.475  render           | Video append frame 82
02:56:57.674  render           | Video append frame 83
02:56:59.101  render           | Video append frame 84
02:57:01.335  render           | Video append frame 85
02:57:02.708  render           | Video append frame 86
02:57:04.163  render           | Video append frame 87
02:57:05.856  render           | Video append frame 88
02:57:07.265  render           | Video append frame 89
02:57:08.445  render           | Video append frame 90
02:57:09.688  render           | Video append frame 91
02:57:10.939  render           | Video append frame 92
02:57:12.126  render           | Video append frame 93
02:57:13.336  render           | Video append frame 94
02:57:14.568  render           | Video append frame 95
02:57:15.845  render           | Video append frame 96
02:57:17.196  render           | Video append frame 97
02:57:18.394  render           | Video append frame 98
02:57:19.609  render           | Video append frame 99
02:57:20.811  render           | Video append frame 100
      CAM_B 100/450 frames (22%) 0.8 fps, about 7 min left
02:57:21.996  render           | Video append frame 101
02:57:23.191  render           | Video append frame 102
02:57:24.387  render           | Video append frame 103
02:57:25.582  render           | Video append frame 104
02:57:26.772  render           | Video append frame 105
02:57:27.966  render           | Video append frame 106
02:57:29.153  render           | Video append frame 107
02:57:30.353  render           | Video append frame 108
02:57:31.557  render           | Video append frame 109
02:57:32.746  render           | Video append frame 110
02:57:33.934  render           | Video append frame 111
02:57:35.126  render           | Video append frame 112
02:57:36.320  render           | Video append frame 113
02:57:37.520  render           | Video append frame 114
02:57:38.703  render           | Video append frame 115
02:57:39.903  render           | Video append frame 116
02:57:41.310  render           | Video append frame 117
02:57:43.055  render           | Video append frame 118
02:57:44.450  render           | Video append frame 119
02:57:45.667  render           | Video append frame 120
02:57:46.989  render           | Video append frame 121
02:57:48.484  render           | Video append frame 122
02:57:49.761  render           | Video append frame 123
02:57:51.070  render           | Video append frame 124
02:57:52.372  render           | Video append frame 125
      CAM_B 125/450 frames (27%) 0.8 fps, about 7 min left
02:57:53.613  render           | Video append frame 126
02:57:54.871  render           | Video append frame 127
02:57:56.136  render           | Video append frame 128
02:57:57.386  render           | Video append frame 129
02:57:58.675  render           | Video append frame 130
02:57:59.977  render           | Video append frame 131
02:58:01.283  render           | Video append frame 132
02:58:02.534  render           | Video append frame 133
02:58:03.788  render           | Video append frame 134
02:58:05.077  render           | Video append frame 135
02:58:06.326  render           | Video append frame 136
02:58:07.582  render           | Video append frame 137
02:58:08.901  render           | Video append frame 138
02:58:10.166  render           | Video append frame 139
02:58:11.491  render           | Video append frame 140
02:58:12.810  render           | Video append frame 141
02:58:14.063  render           | Video append frame 142
02:58:15.302  render           | Video append frame 143
02:58:16.574  render           | Video append frame 144
02:58:17.876  render           | Video append frame 145
02:58:19.162  render           | Video append frame 146
02:58:20.420  render           | Video append frame 147
02:58:21.704  render           | Video append frame 148
02:58:22.998  render           | Video append frame 149
02:58:24.282  render           | Video append frame 150
      CAM_B 150/450 frames (33%) 0.8 fps, about 6 min left
02:58:25.517  render           | Video append frame 151
02:58:26.786  render           | Video append frame 152
02:58:28.051  render           | Video append frame 153
02:58:29.350  render           | Video append frame 154
02:58:30.673  render           | Video append frame 155
02:58:31.987  render           | Video append frame 156
02:58:33.240  render           | Video append frame 157
02:58:34.496  render           | Video append frame 158
02:58:35.771  render           | Video append frame 159
02:58:37.036  render           | Video append frame 160
02:58:38.382  render           | Video append frame 161
02:58:39.647  render           | Video append frame 162
02:58:40.920  render           | Video append frame 163
02:58:42.194  render           | Video append frame 164
02:58:43.463  render           | Video append frame 165
02:58:44.727  render           | Video append frame 166
02:58:45.989  render           | Video append frame 167
02:58:47.285  render           | Video append frame 168
02:58:48.536  render           | Video append frame 169
02:58:49.838  render           | Video append frame 170
02:58:51.108  render           | Video append frame 171
02:58:52.427  render           | Video append frame 172
02:58:53.681  render           | Video append frame 173
02:58:54.936  render           | Video append frame 174
02:58:56.201  render           | Video append frame 175
      CAM_B 175/450 frames (38%) 0.8 fps, about 6 min left
02:58:57.458  render           | Video append frame 176
02:58:58.761  render           | Video append frame 177
02:59:00.043  render           | Video append frame 178
02:59:01.330  render           | Video append frame 179
02:59:02.618  render           | Video append frame 180
02:59:03.890  render           | Video append frame 181
02:59:05.143  render           | Video append frame 182
02:59:06.397  render           | Video append frame 183
02:59:07.697  render           | Video append frame 184
02:59:08.967  render           | Video append frame 185
02:59:10.252  render           | Video append frame 186
02:59:11.555  render           | Video append frame 187
02:59:12.841  render           | Video append frame 188
02:59:14.142  render           | Video append frame 189
02:59:15.383  render           | Video append frame 190
02:59:16.633  render           | Video append frame 191
02:59:17.937  render           | Video append frame 192
02:59:19.248  render           | Video append frame 193
02:59:20.507  render           | Video append frame 194
02:59:21.790  render           | Video append frame 195
02:59:23.064  render           | Video append frame 196
02:59:24.318  render           | Video append frame 197
02:59:25.565  render           | Video append frame 198
02:59:26.850  render           | Video append frame 199
02:59:28.119  render           | Video append frame 200
      CAM_B 200/450 frames (44%) 0.8 fps, about 5 min left
02:59:29.399  render           | Video append frame 201
02:59:30.679  render           | Video append frame 202
02:59:31.982  render           | Video append frame 203
02:59:33.263  render           | Video append frame 204
02:59:34.513  render           | Video append frame 205
02:59:35.786  render           | Video append frame 206
02:59:37.049  render           | Video append frame 207
02:59:38.334  render           | Video append frame 208
02:59:39.627  render           | Video append frame 209
02:59:40.945  render           | Video append frame 210
02:59:42.258  render           | Video append frame 211
02:59:43.537  render           | Video append frame 212
02:59:44.789  render           | Video append frame 213
02:59:46.043  render           | Video append frame 214
02:59:47.317  render           | Video append frame 215
02:59:48.598  render           | Video append frame 216
02:59:49.897  render           | Video append frame 217
02:59:51.194  render           | Video append frame 218
02:59:52.504  render           | Video append frame 219
02:59:53.782  render           | Video append frame 220
02:59:55.045  render           | Video append frame 221
02:59:56.348  render           | Video append frame 222
02:59:57.601  render           | Video append frame 223
02:59:58.884  render           | Video append frame 224
03:00:00.195  render           | Video append frame 225
      CAM_B 225/450 frames (50%) 0.8 fps, about 5 min left
03:00:01.510  render           | Video append frame 226
03:00:02.829  render           | Video append frame 227
03:00:04.101  render           | Video append frame 228
03:00:05.364  render           | Video append frame 229
03:00:06.636  render           | Video append frame 230
03:00:07.901  render           | Video append frame 231
03:00:09.202  render           | Video append frame 232
03:00:10.502  render           | Video append frame 233
03:00:11.826  render           | Video append frame 234
03:00:13.114  render           | Video append frame 235
03:00:14.394  render           | Video append frame 236
03:00:15.671  render           | Video append frame 237
03:00:16.947  render           | Video append frame 238
03:00:18.228  render           | Video append frame 239
03:00:19.567  render           | Video append frame 240
03:00:20.870  render           | Video append frame 241
03:00:22.162  render           | Video append frame 242
03:00:23.482  render           | Video append frame 243
03:00:24.742  render           | Video append frame 244
03:00:26.023  render           | Video append frame 245
03:00:27.304  render           | Video append frame 246
03:00:28.588  render           | Video append frame 247
03:00:29.889  render           | Video append frame 248
03:00:31.190  render           | Video append frame 249
03:00:32.546  render           | Video append frame 250
      CAM_B 250/450 frames (55%) 0.8 fps, about 4 min left
03:00:33.803  render           | Video append frame 251
03:00:35.042  render           | Video append frame 252
03:00:36.298  render           | Video append frame 253
03:00:37.553  render           | Video append frame 254
03:00:38.874  render           | Video append frame 255
03:00:40.190  render           | Video append frame 256
03:00:41.509  render           | Video append frame 257
03:00:42.828  render           | Video append frame 258
03:00:44.088  render           | Video append frame 259
03:00:45.341  render           | Video append frame 260
03:00:46.602  render           | Video append frame 261
03:00:47.858  render           | Video append frame 262
03:00:49.179  render           | Video append frame 263
03:00:50.476  render           | Video append frame 264
03:00:51.792  render           | Video append frame 265
03:00:53.103  render           | Video append frame 266
03:00:54.363  render           | Video append frame 267
03:00:55.613  render           | Video append frame 268
03:00:56.865  render           | Video append frame 269
03:00:58.149  render           | Video append frame 270
03:00:59.461  render           | Video append frame 271
03:01:00.820  render           | Video append frame 272
03:01:02.130  render           | Video append frame 273
03:01:03.424  render           | Video append frame 274
03:01:04.678  render           | Video append frame 275
      CAM_B 275/450 frames (61%) 0.8 fps, about 4 min left
03:01:05.928  render           | Video append frame 276
03:01:07.184  render           | Video append frame 277
03:01:08.481  render           | Video append frame 278
03:01:09.788  render           | Video append frame 279
03:01:11.106  render           | Video append frame 280
03:01:12.431  render           | Video append frame 281
03:01:13.719  render           | Video append frame 282
03:01:14.976  render           | Video append frame 283
03:01:16.239  render           | Video append frame 284
03:01:17.498  render           | Video append frame 285
03:01:18.809  render           | Video append frame 286
03:01:20.138  render           | Video append frame 287
03:01:21.424  render           | Video append frame 288
03:01:22.736  render           | Video append frame 289
03:01:24.003  render           | Video append frame 290
03:01:25.257  render           | Video append frame 291
03:01:26.521  render           | Video append frame 292
03:01:27.776  render           | Video append frame 293
03:01:29.088  render           | Video append frame 294
03:01:30.408  render           | Video append frame 295
03:01:31.718  render           | Video append frame 296
03:01:33.083  render           | Video append frame 297
03:01:34.312  render           | Video append frame 298
03:01:35.569  render           | Video append frame 299
03:01:36.860  render           | Video append frame 300
      CAM_B 300/450 frames (66%) 0.8 fps, about 3 min left
03:01:38.129  render           | Video append frame 301
03:01:39.431  render           | Video append frame 302
03:01:40.755  render           | Video append frame 303
03:01:42.062  render           | Video append frame 304
03:01:43.380  render           | Video append frame 305
03:01:44.638  render           | Video append frame 306
03:01:45.890  render           | Video append frame 307
03:01:47.145  render           | Video append frame 308
03:01:48.441  render           | Video append frame 309
03:01:49.763  render           | Video append frame 310
03:01:51.069  render           | Video append frame 311
03:01:52.381  render           | Video append frame 312
03:01:53.676  render           | Video append frame 313
03:01:54.940  render           | Video append frame 314
03:01:56.201  render           | Video append frame 315
03:01:57.468  render           | Video append frame 316
03:01:58.821  render           | Video append frame 317
03:02:00.126  render           | Video append frame 318
03:02:01.446  render           | Video append frame 319
03:02:02.830  render           | Video append frame 320
03:02:04.131  render           | Video append frame 321
03:02:05.381  render           | Video append frame 322
03:02:06.634  render           | Video append frame 323
03:02:07.897  render           | Video append frame 324
03:02:09.232  render           | Video append frame 325
      CAM_B 325/450 frames (72%) 0.8 fps, about 3 min left
03:02:10.542  render           | Video append frame 326
03:02:11.854  render           | Video append frame 327
03:02:13.196  render           | Video append frame 328
03:02:14.457  render           | Video append frame 329
03:02:15.718  render           | Video append frame 330
03:02:16.991  render           | Video append frame 331
03:02:18.277  render           | Video append frame 332
03:02:19.623  render           | Video append frame 333
03:02:20.931  render           | Video append frame 334
03:02:22.231  render           | Video append frame 335
03:02:23.530  render           | Video append frame 336
03:02:24.788  render           | Video append frame 337
03:02:26.048  render           | Video append frame 338
03:02:27.310  render           | Video append frame 339
03:02:28.629  render           | Video append frame 340
03:02:29.934  render           | Video append frame 341
03:02:31.230  render           | Video append frame 342
03:02:32.599  render           | Video append frame 343
03:02:33.917  render           | Video append frame 344
03:02:35.146  render           | Video append frame 345
03:02:36.400  render           | Video append frame 346
03:02:37.679  render           | Video append frame 347
03:02:39.023  render           | Video append frame 348
03:02:40.323  render           | Video append frame 349
03:02:41.657  render           | Video append frame 350
      CAM_B 350/450 frames (77%) 0.8 fps, about 2 min left
03:02:42.980  render           | Video append frame 351
03:02:44.260  render           | Video append frame 352
03:02:45.524  render           | Video append frame 353
03:02:46.784  render           | Video append frame 354
03:02:48.060  render           | Video append frame 355
03:02:49.379  render           | Video append frame 356
03:02:50.697  render           | Video append frame 357
03:02:52.057  render           | Video append frame 358
03:02:53.373  render           | Video append frame 359
03:02:54.642  render           | Video append frame 360
03:02:55.931  render           | Video append frame 361
03:02:57.258  render           | Video append frame 362
03:02:58.531  render           | Video append frame 363
03:02:59.841  render           | Video append frame 364
03:03:01.204  render           | Video append frame 365
03:03:02.548  render           | Video append frame 366
03:03:03.854  render           | Video append frame 367
03:03:05.109  render           | Video append frame 368
03:03:06.374  render           | Video append frame 369
03:03:07.690  render           | Video append frame 370
03:03:09.143  render           | Video append frame 371
03:03:10.446  render           | Video append frame 372
03:03:11.780  render           | Video append frame 373
03:03:13.116  render           | Video append frame 374
03:03:14.403  render           | Video append frame 375
      CAM_B 375/450 frames (83%) 0.8 fps, about 2 min left
03:03:15.667  render           | Video append frame 376
03:03:16.948  render           | Video append frame 377
03:03:18.250  render           | Video append frame 378
03:03:19.610  render           | Video append frame 379
03:03:20.907  render           | Video append frame 380
03:03:22.258  render           | Video append frame 381
03:03:23.577  render           | Video append frame 382
03:03:24.827  render           | Video append frame 383
03:03:26.101  render           | Video append frame 384
03:03:27.373  render           | Video append frame 385
03:03:28.689  render           | Video append frame 386
03:03:30.093  render           | Video append frame 387
03:03:31.398  render           | Video append frame 388
03:03:32.752  render           | Video append frame 389
03:03:34.060  render           | Video append frame 390
03:03:35.317  render           | Video append frame 391
03:03:36.582  render           | Video append frame 392
03:03:37.864  render           | Video append frame 393
03:03:39.207  render           | Video append frame 394
03:03:40.535  render           | Video append frame 395
03:03:41.879  render           | Video append frame 396
03:03:43.216  render           | Video append frame 397
03:03:44.505  render           | Video append frame 398
03:03:45.798  render           | Video append frame 399
03:03:47.129  render           | Video append frame 400
      CAM_B 400/450 frames (88%) 0.8 fps, about 1 min left
03:03:48.424  render           | Video append frame 401
03:03:49.723  render           | Video append frame 402
03:03:51.048  render           | Video append frame 403
03:03:52.369  render           | Video append frame 404
03:03:53.701  render           | Video append frame 405
03:03:54.981  render           | Video append frame 406
03:03:56.298  render           | Video append frame 407
03:03:57.555  render           | Video append frame 408
03:03:58.863  render           | Video append frame 409
03:04:00.205  render           | Video append frame 410
03:04:01.558  render           | Video append frame 411
03:04:02.903  render           | Video append frame 412
03:04:04.186  render           | Video append frame 413
03:04:05.486  render           | Video append frame 414
03:04:06.751  render           | Video append frame 415
03:04:08.016  render           | Video append frame 416
03:04:09.372  render           | Video append frame 417
03:04:10.755  render           | Video append frame 418
03:04:12.135  render           | Video append frame 419
03:04:13.484  render           | Video append frame 420
03:04:14.748  render           | Video append frame 421
03:04:16.014  render           | Video append frame 422
03:04:17.309  render           | Video append frame 423
03:04:18.605  render           | Video append frame 424
03:04:19.974  render           | Video append frame 425
      CAM_B 425/450 frames (94%) 0.8 fps, about 1 min left
03:04:21.294  render           | Video append frame 426
03:04:22.638  render           | Video append frame 427
03:04:23.987  render           | Video append frame 428
03:04:25.244  render           | Video append frame 429
03:04:26.497  render           | Video append frame 430
03:04:27.781  render           | Video append frame 431
03:04:29.132  render           | Video append frame 432
03:04:30.436  render           | Video append frame 433
03:04:31.759  render           | Video append frame 434
03:04:33.145  render           | Video append frame 435
03:04:34.433  render           | Video append frame 436
03:04:35.691  render           | Video append frame 437
03:04:36.984  render           | Video append frame 438
03:04:38.276  render           | Video append frame 439
03:04:39.588  render           | Video append frame 440
03:04:40.913  render           | Video append frame 441
03:04:42.256  render           | Video append frame 442
03:04:43.575  render           | Video append frame 443
03:04:44.861  render           | Video append frame 444
03:04:46.158  render           | Video append frame 445
03:04:47.438  render           | Video append frame 446
03:04:48.717  render           | Video append frame 447
03:04:50.075  render           | Video append frame 448
03:04:51.385  render           | Video append frame 449
03:04:52.687  render           | Video append frame 450
      CAM_B 450/450 frames (100%) 0.8 fps, about 0 min left
    finished CAM_B
    rendering CAM_C (3/3) 450 frames
03:04:54.277  render           | Video append frame 1
03:04:55.746  render           | Video append frame 2
03:04:57.221  render           | Video append frame 3
03:04:58.687  render           | Video append frame 4
03:05:00.239  render           | Video append frame 5
03:05:01.787  render           | Video append frame 6
03:05:03.355  render           | Video append frame 7
03:05:04.835  render           | Video append frame 8
03:05:06.306  render           | Video append frame 9
03:05:07.794  render           | Video append frame 10
03:05:09.370  render           | Video append frame 11
03:05:10.923  render           | Video append frame 12
03:05:12.422  render           | Video append frame 13
03:05:13.938  render           | Video append frame 14
03:05:15.417  render           | Video append frame 15
03:05:17.052  render           | Video append frame 16
03:05:18.479  render           | Video append frame 17
03:05:20.013  render           | Video append frame 18
03:05:21.543  render           | Video append frame 19
03:05:23.100  render           | Video append frame 20
03:05:24.591  render           | Video append frame 21
03:05:26.077  render           | Video append frame 22
03:05:27.545  render           | Video append frame 23
03:05:29.064  render           | Video append frame 24
03:05:30.627  render           | Video append frame 25
      CAM_C 25/450 frames (5%) 0.7 fps, about 11 min left
03:05:32.210  render           | Video append frame 26
03:05:33.752  render           | Video append frame 27
03:05:35.214  render           | Video append frame 28
03:05:36.705  render           | Video append frame 29
03:05:38.191  render           | Video append frame 30
03:05:39.735  render           | Video append frame 31
03:05:41.277  render           | Video append frame 32
03:05:42.839  render           | Video append frame 33
03:05:44.386  render           | Video append frame 34
03:05:45.863  render           | Video append frame 35
03:05:47.351  render           | Video append frame 36
03:05:48.843  render           | Video append frame 37
03:05:50.408  render           | Video append frame 38
03:05:51.965  render           | Video append frame 39
03:05:53.522  render           | Video append frame 40
03:05:55.032  render           | Video append frame 41
03:05:56.515  render           | Video append frame 42
03:05:57.992  render           | Video append frame 43
03:05:59.559  render           | Video append frame 44
03:06:01.099  render           | Video append frame 45
03:06:02.638  render           | Video append frame 46
03:06:04.205  render           | Video append frame 47
03:06:05.725  render           | Video append frame 48
03:06:07.231  render           | Video append frame 49
03:06:08.741  render           | Video append frame 50
      CAM_C 50/450 frames (11%) 0.7 fps, about 10 min left
03:06:10.314  render           | Video append frame 51
03:06:11.876  render           | Video append frame 52
03:06:13.451  render           | Video append frame 53
03:06:14.986  render           | Video append frame 54
03:06:16.508  render           | Video append frame 55
03:06:18.025  render           | Video append frame 56
03:06:19.590  render           | Video append frame 57
03:06:21.199  render           | Video append frame 58
03:06:22.765  render           | Video append frame 59
03:06:24.339  render           | Video append frame 60
03:06:25.873  render           | Video append frame 61
03:06:27.622  render           | Video append frame 62
03:06:29.176  render           | Video append frame 63
03:06:30.780  render           | Video append frame 64
03:06:32.358  render           | Video append frame 65
03:06:33.913  render           | Video append frame 66
03:06:35.442  render           | Video append frame 67
03:06:36.936  render           | Video append frame 68
03:06:38.415  render           | Video append frame 69
03:06:40.021  render           | Video append frame 70
03:06:41.656  render           | Video append frame 71
03:06:43.158  render           | Video append frame 72
03:06:44.717  render           | Video append frame 73
03:06:46.269  render           | Video append frame 74
03:06:47.804  render           | Video append frame 75
      CAM_C 75/450 frames (16%) 0.7 fps, about 10 min left
03:06:49.479  render           | Video append frame 76
03:06:51.051  render           | Video append frame 77
03:06:52.596  render           | Video append frame 78
03:06:54.187  render           | Video append frame 79
03:06:55.684  render           | Video append frame 80
03:06:57.207  render           | Video append frame 81
03:06:58.789  render           | Video append frame 82
03:07:00.361  render           | Video append frame 83
03:07:01.960  render           | Video append frame 84
03:07:03.566  render           | Video append frame 85
03:07:05.118  render           | Video append frame 86
03:07:06.614  render           | Video append frame 87
03:07:08.136  render           | Video append frame 88
03:07:09.734  render           | Video append frame 89
03:07:11.324  render           | Video append frame 90
03:07:12.928  render           | Video append frame 91
03:07:14.503  render           | Video append frame 92
03:07:16.029  render           | Video append frame 93
03:07:17.549  render           | Video append frame 94
03:07:19.101  render           | Video append frame 95
03:07:20.721  render           | Video append frame 96
03:07:22.296  render           | Video append frame 97
03:07:23.947  render           | Video append frame 98
03:07:25.473  render           | Video append frame 99
03:07:26.981  render           | Video append frame 100
      CAM_C 100/450 frames (22%) 0.6 fps, about 9 min left
03:07:28.521  render           | Video append frame 101
03:07:30.139  render           | Video append frame 102
03:07:31.745  render           | Video append frame 103
03:07:33.427  render           | Video append frame 104
03:07:34.992  render           | Video append frame 105
03:07:36.465  render           | Video append frame 106
03:07:38.004  render           | Video append frame 107
03:07:39.584  render           | Video append frame 108
03:07:41.192  render           | Video append frame 109
03:07:42.950  render           | Video append frame 110
03:07:44.865  render           | Video append frame 111
03:07:46.678  render           | Video append frame 112
03:07:48.338  render           | Video append frame 113
03:07:50.128  render           | Video append frame 114
03:07:51.666  render           | Video append frame 115
03:07:53.244  render           | Video append frame 116
03:07:54.854  render           | Video append frame 117
03:07:56.406  render           | Video append frame 118
03:07:57.992  render           | Video append frame 119
03:07:59.611  render           | Video append frame 120
03:08:01.150  render           | Video append frame 121
03:08:02.793  render           | Video append frame 122
03:08:04.335  render           | Video append frame 123
03:08:05.916  render           | Video append frame 124
03:08:07.467  render           | Video append frame 125
      CAM_C 125/450 frames (27%) 0.6 fps, about 8 min left
03:08:09.050  render           | Video append frame 126
03:08:10.630  render           | Video append frame 127
03:08:12.243  render           | Video append frame 128
03:08:13.807  render           | Video append frame 129
03:08:15.380  render           | Video append frame 130
03:08:16.973  render           | Video append frame 131
03:08:18.562  render           | Video append frame 132
03:08:20.143  render           | Video append frame 133
03:08:21.718  render           | Video append frame 134
03:08:23.294  render           | Video append frame 135
03:08:24.898  render           | Video append frame 136
03:08:26.450  render           | Video append frame 137
03:08:28.081  render           | Video append frame 138
03:08:29.652  render           | Video append frame 139
03:08:31.197  render           | Video append frame 140
03:08:32.836  render           | Video append frame 141
03:08:34.409  render           | Video append frame 142
03:08:36.000  render           | Video append frame 143
03:08:37.593  render           | Video append frame 144
03:08:39.185  render           | Video append frame 145
03:08:40.828  render           | Video append frame 146
03:08:42.414  render           | Video append frame 147
03:08:44.230  render           | Video append frame 148
03:08:45.869  render           | Video append frame 149
03:08:47.402  render           | Video append frame 150
      CAM_C 150/450 frames (33%) 0.6 fps, about 8 min left
03:08:49.017  render           | Video append frame 151
03:08:50.616  render           | Video append frame 152
03:08:52.212  render           | Video append frame 153
03:08:53.824  render           | Video append frame 154
03:08:55.396  render           | Video append frame 155
03:08:57.002  render           | Video append frame 156
03:08:58.620  render           | Video append frame 157
03:09:00.205  render           | Video append frame 158
03:09:01.816  render           | Video append frame 159
03:09:03.413  render           | Video append frame 160
03:09:04.986  render           | Video append frame 161
03:09:06.586  render           | Video append frame 162
03:09:08.172  render           | Video append frame 163
03:09:09.795  render           | Video append frame 164
03:09:11.383  render           | Video append frame 165
03:09:12.994  render           | Video append frame 166
03:09:14.639  render           | Video append frame 167
03:09:16.258  render           | Video append frame 168
03:09:17.856  render           | Video append frame 169
03:09:19.453  render           | Video append frame 170
03:09:21.055  render           | Video append frame 171
03:09:22.649  render           | Video append frame 172
03:09:24.252  render           | Video append frame 173
03:09:25.849  render           | Video append frame 174
03:09:27.454  render           | Video append frame 175
      CAM_C 175/450 frames (38%) 0.6 fps, about 7 min left
03:09:29.071  render           | Video append frame 176
03:09:30.665  render           | Video append frame 177
03:09:32.336  render           | Video append frame 178
03:09:33.897  render           | Video append frame 179
03:09:35.486  render           | Video append frame 180
03:09:37.071  render           | Video append frame 181
03:09:38.676  render           | Video append frame 182
03:09:40.272  render           | Video append frame 183
03:09:41.865  render           | Video append frame 184
03:09:43.483  render           | Video append frame 185
03:09:45.085  render           | Video append frame 186
03:09:46.665  render           | Video append frame 187
03:09:48.271  render           | Video append frame 188
03:09:49.865  render           | Video append frame 189
03:09:51.452  render           | Video append frame 190
03:09:53.043  render           | Video append frame 191
03:09:54.632  render           | Video append frame 192
03:09:56.220  render           | Video append frame 193
03:09:57.820  render           | Video append frame 194
03:09:59.414  render           | Video append frame 195
03:10:00.992  render           | Video append frame 196
03:10:02.600  render           | Video append frame 197
03:10:04.166  render           | Video append frame 198
03:10:05.760  render           | Video append frame 199
03:10:07.335  render           | Video append frame 200
      CAM_C 200/450 frames (44%) 0.6 fps, about 7 min left
03:10:08.924  render           | Video append frame 201
03:10:10.512  render           | Video append frame 202
03:10:12.093  render           | Video append frame 203
03:10:13.689  render           | Video append frame 204
03:10:15.302  render           | Video append frame 205
03:10:16.874  render           | Video append frame 206
03:10:18.472  render           | Video append frame 207
03:10:20.071  render           | Video append frame 208
03:10:21.644  render           | Video append frame 209
03:10:23.228  render           | Video append frame 210
03:10:24.815  render           | Video append frame 211
03:10:26.406  render           | Video append frame 212
03:10:27.992  render           | Video append frame 213
03:10:29.586  render           | Video append frame 214
03:10:31.169  render           | Video append frame 215
03:10:32.791  render           | Video append frame 216
03:10:34.370  render           | Video append frame 217
03:10:35.961  render           | Video append frame 218
03:10:37.554  render           | Video append frame 219
03:10:39.133  render           | Video append frame 220
03:10:40.852  render           | Video append frame 221
03:10:42.467  render           | Video append frame 222
03:10:44.055  render           | Video append frame 223
03:10:45.679  render           | Video append frame 224
03:10:47.368  render           | Video append frame 225
      CAM_C 225/450 frames (50%) 0.6 fps, about 6 min left
03:10:48.933  render           | Video append frame 226
03:10:50.585  render           | Video append frame 227
03:10:52.165  render           | Video append frame 228
03:10:53.767  render           | Video append frame 229
03:10:55.549  render           | Video append frame 230
03:10:57.089  render           | Video append frame 231
03:10:58.690  render           | Video append frame 232
03:11:00.341  render           | Video append frame 233
03:11:02.057  render           | Video append frame 234
03:11:03.638  render           | Video append frame 235
03:11:05.261  render           | Video append frame 236
03:11:06.867  render           | Video append frame 237
03:11:08.498  render           | Video append frame 238
03:11:10.126  render           | Video append frame 239
03:11:11.736  render           | Video append frame 240
03:11:13.366  render           | Video append frame 241
03:11:15.008  render           | Video append frame 242
03:11:16.759  render           | Video append frame 243
03:11:18.279  render           | Video append frame 244
03:11:19.909  render           | Video append frame 245
03:11:21.540  render           | Video append frame 246
03:11:23.173  render           | Video append frame 247
03:11:24.798  render           | Video append frame 248
03:11:26.397  render           | Video append frame 249
03:11:28.027  render           | Video append frame 250
      CAM_C 250/450 frames (55%) 0.6 fps, about 5 min left
03:11:29.692  render           | Video append frame 251
03:11:31.281  render           | Video append frame 252
03:11:32.932  render           | Video append frame 253
03:11:34.533  render           | Video append frame 254
03:11:36.156  render           | Video append frame 255
03:11:37.806  render           | Video append frame 256
03:11:39.442  render           | Video append frame 257
03:11:41.072  render           | Video append frame 258
03:11:42.749  render           | Video append frame 259
03:11:44.507  render           | Video append frame 260
03:11:46.059  render           | Video append frame 261
03:11:47.846  render           | Video append frame 262
03:11:49.381  render           | Video append frame 263
03:11:51.083  render           | Video append frame 264
03:11:52.635  render           | Video append frame 265
03:11:54.296  render           | Video append frame 266
03:11:55.934  render           | Video append frame 267
03:11:57.508  render           | Video append frame 268
03:11:59.180  render           | Video append frame 269
03:12:00.751  render           | Video append frame 270
03:12:02.377  render           | Video append frame 271
03:12:03.986  render           | Video append frame 272
03:12:05.624  render           | Video append frame 273
03:12:07.220  render           | Video append frame 274
03:12:08.840  render           | Video append frame 275
      CAM_C 275/450 frames (61%) 0.6 fps, about 5 min left
03:12:10.514  render           | Video append frame 276
03:12:12.110  render           | Video append frame 277
03:12:13.732  render           | Video append frame 278
03:12:15.353  render           | Video append frame 279
03:12:16.966  render           | Video append frame 280
03:12:18.594  render           | Video append frame 281
03:12:20.277  render           | Video append frame 282
03:12:21.870  render           | Video append frame 283
03:12:23.465  render           | Video append frame 284
03:12:25.156  render           | Video append frame 285
03:12:26.724  render           | Video append frame 286
03:12:28.366  render           | Video append frame 287
03:12:29.989  render           | Video append frame 288
03:12:31.630  render           | Video append frame 289
03:12:33.251  render           | Video append frame 290
03:12:34.850  render           | Video append frame 291
03:12:36.480  render           | Video append frame 292
03:12:38.090  render           | Video append frame 293
03:12:39.716  render           | Video append frame 294
03:12:41.327  render           | Video append frame 295
03:12:42.991  render           | Video append frame 296
03:12:44.624  render           | Video append frame 297
03:12:46.199  render           | Video append frame 298
03:12:47.883  render           | Video append frame 299
03:12:49.457  render           | Video append frame 300
      CAM_C 300/450 frames (66%) 0.6 fps, about 4 min left
03:12:51.062  render           | Video append frame 301
03:12:52.692  render           | Video append frame 302
03:12:54.374  render           | Video append frame 303
03:12:55.988  render           | Video append frame 304
03:12:57.578  render           | Video append frame 305
03:12:59.198  render           | Video append frame 306
03:13:00.833  render           | Video append frame 307
03:13:02.472  render           | Video append frame 308
03:13:04.107  render           | Video append frame 309
03:13:05.703  render           | Video append frame 310
03:13:07.309  render           | Video append frame 311
03:13:08.921  render           | Video append frame 312
03:13:10.550  render           | Video append frame 313
03:13:12.155  render           | Video append frame 314
03:13:13.761  render           | Video append frame 315
03:13:15.384  render           | Video append frame 316
03:13:17.004  render           | Video append frame 317
03:13:18.616  render           | Video append frame 318
03:13:20.250  render           | Video append frame 319
03:13:21.842  render           | Video append frame 320
03:13:23.428  render           | Video append frame 321
03:13:25.039  render           | Video append frame 322
03:13:26.665  render           | Video append frame 323
03:13:28.277  render           | Video append frame 324
03:13:29.897  render           | Video append frame 325
      CAM_C 325/450 frames (72%) 0.6 fps, about 3 min left
03:13:31.497  render           | Video append frame 326
03:13:33.243  render           | Video append frame 327
03:13:34.955  render           | Video append frame 328
03:13:36.445  render           | Video append frame 329
03:13:38.074  render           | Video append frame 330
03:13:39.671  render           | Video append frame 331
03:13:41.273  render           | Video append frame 332
03:13:42.904  render           | Video append frame 333
03:13:44.748  render           | Video append frame 334
03:13:46.364  render           | Video append frame 335
03:13:48.179  render           | Video append frame 336
03:13:49.800  render           | Video append frame 337
03:13:51.480  render           | Video append frame 338
03:13:53.182  render           | Video append frame 339
03:13:54.939  render           | Video append frame 340
03:13:56.589  render           | Video append frame 341
03:13:58.215  render           | Video append frame 342
03:13:59.915  render           | Video append frame 343
03:14:01.587  render           | Video append frame 344
03:14:03.360  render           | Video append frame 345
03:14:05.025  render           | Video append frame 346
03:14:06.679  render           | Video append frame 347
03:14:08.352  render           | Video append frame 348
03:14:10.082  render           | Video append frame 349
03:14:11.759  render           | Video append frame 350
      CAM_C 350/450 frames (77%) 0.6 fps, about 3 min left
03:14:13.447  render           | Video append frame 351
03:14:15.132  render           | Video append frame 352
03:14:16.821  render           | Video append frame 353
03:14:18.489  render           | Video append frame 354
03:14:20.277  render           | Video append frame 355
03:14:21.899  render           | Video append frame 356
03:14:23.586  render           | Video append frame 357
03:14:25.293  render           | Video append frame 358
03:14:26.989  render           | Video append frame 359
03:14:28.660  render           | Video append frame 360
03:14:30.354  render           | Video append frame 361
03:14:32.089  render           | Video append frame 362
03:14:33.790  render           | Video append frame 363
03:14:35.467  render           | Video append frame 364
03:14:37.163  render           | Video append frame 365
03:14:38.967  render           | Video append frame 366
03:14:40.581  render           | Video append frame 367
03:14:42.273  render           | Video append frame 368
03:14:43.978  render           | Video append frame 369
03:14:45.685  render           | Video append frame 370
03:14:47.358  render           | Video append frame 371
03:14:49.057  render           | Video append frame 372
03:14:50.756  render           | Video append frame 373
03:14:52.483  render           | Video append frame 374
03:14:54.163  render           | Video append frame 375
      CAM_C 375/450 frames (83%) 0.6 fps, about 2 min left
03:14:55.854  render           | Video append frame 376
03:14:57.591  render           | Video append frame 377
03:14:59.276  render           | Video append frame 378
03:15:00.965  render           | Video append frame 379
03:15:02.736  render           | Video append frame 380
03:15:04.406  render           | Video append frame 381
03:15:06.097  render           | Video append frame 382
03:15:07.790  render           | Video append frame 383
03:15:09.499  render           | Video append frame 384
03:15:11.214  render           | Video append frame 385
03:15:12.899  render           | Video append frame 386
03:15:14.610  render           | Video append frame 387
03:15:16.296  render           | Video append frame 388
03:15:17.986  render           | Video append frame 389
03:15:19.681  render           | Video append frame 390
03:15:21.431  render           | Video append frame 391
03:15:23.126  render           | Video append frame 392
03:15:24.867  render           | Video append frame 393
03:15:26.548  render           | Video append frame 394
03:15:28.249  render           | Video append frame 395
03:15:29.990  render           | Video append frame 396
03:15:31.674  render           | Video append frame 397
03:15:33.416  render           | Video append frame 398
03:15:35.092  render           | Video append frame 399
03:15:36.810  render           | Video append frame 400
      CAM_C 400/450 frames (88%) 0.6 fps, about 1 min left
03:15:38.517  render           | Video append frame 401
03:15:40.226  render           | Video append frame 402
03:15:41.943  render           | Video append frame 403
03:15:43.644  render           | Video append frame 404
03:15:45.356  render           | Video append frame 405
03:15:47.070  render           | Video append frame 406
03:15:48.770  render           | Video append frame 407
03:15:50.478  render           | Video append frame 408
03:15:52.215  render           | Video append frame 409
03:15:53.893  render           | Video append frame 410
03:15:55.600  render           | Video append frame 411
03:15:57.416  render           | Video append frame 412
03:15:59.048  render           | Video append frame 413
03:16:00.757  render           | Video append frame 414
03:16:02.536  render           | Video append frame 415
03:16:04.206  render           | Video append frame 416
03:16:05.909  render           | Video append frame 417
03:16:07.615  render           | Video append frame 418
03:16:09.299  render           | Video append frame 419
03:16:10.990  render           | Video append frame 420
03:16:12.711  render           | Video append frame 421
03:16:14.398  render           | Video append frame 422
03:16:16.122  render           | Video append frame 423
03:16:17.822  render           | Video append frame 424
03:16:19.506  render           | Video append frame 425
      CAM_C 425/450 frames (94%) 0.6 fps, about 1 min left
03:16:21.234  render           | Video append frame 426
03:16:22.923  render           | Video append frame 427
03:16:24.613  render           | Video append frame 428
03:16:26.323  render           | Video append frame 429
03:16:28.019  render           | Video append frame 430
03:16:29.736  render           | Video append frame 431
03:16:31.410  render           | Video append frame 432
03:16:33.149  render           | Video append frame 433
03:16:34.855  render           | Video append frame 434
03:16:36.535  render           | Video append frame 435
03:16:38.239  render           | Video append frame 436
03:16:39.951  render           | Video append frame 437
03:16:41.642  render           | Video append frame 438
03:16:43.568  render           | Video append frame 439
03:16:45.145  render           | Video append frame 440
03:16:46.764  render           | Video append frame 441
03:16:48.399  render           | Video append frame 442
03:16:50.022  render           | Video append frame 443
03:16:51.646  render           | Video append frame 444
03:16:53.304  render           | Video append frame 445
03:16:54.949  render           | Video append frame 446
03:16:56.553  render           | Video append frame 447
03:16:58.174  render           | Video append frame 448
03:16:59.824  render           | Video append frame 449
03:17:01.457  render           | Video append frame 450
      CAM_C 450/450 frames (100%) 0.6 fps, about 0 min left
    finished CAM_C
  observations : 2039
  events       : 20
  written to   : /Users/adityasingh/codes/Rewind/data/samples/case_06
Blender 5.2.1 LTS (hash 9e2066aef7ef built 2026-08-25 01:35:57)
